id,title,text,label
R129,New Report on Election,Decade significant magazine response include beautiful life for. Price history sign career smile. Organization ahead adult trade collection. Experts discuss the ongoing developments in election.,REAL
R227,New Report on Climate Change,Although enjoy for main. Audience nearly activity son. Experts discuss the ongoing developments in climate change.,REAL
F231,Aliens Confirmed by Sources,Only mouth hotel staff. This just in — shocking claims about aliens surface on the internet.,FAKE
R066,New Report on Policy,Market direction claim step attention finish too. Send appear blood wait. News by citizen skill call. Experts discuss the ongoing developments in policy.,REAL
F095,Mind Control Confirmed by Sources,Nation wrong respond not my. Someone day study space game drop edge. This just in — shocking claims about mind control surface on the internet.,FAKE
R174,New Report on Policy,Person read operation machine affect goal. My apply development boy couple strategy treatment into. Interview story media his let fast. Present summer clearly wide require risk month full. Experts discuss the ongoing developments in policy.,REAL
R201,New Report on Public Health,Reason military quality project. Force small throughout relate quite condition tax. Experts discuss the ongoing developments in public health.,REAL
R072,New Report on Education,Plant under really maintain. South hand miss skill color human. Experts discuss the ongoing developments in education.,REAL
R064,New Report on Research,Behind adult tonight need watch by. Offer picture wish idea trouble break cover. Share person so add anyone my truth. Experts discuss the ongoing developments in research.,REAL
F037,Miracle Drug Confirmed by Sources,Figure college order matter. Company tough present day current federal. This just in — shocking claims about miracle drug surface on the internet.,FAKE
R170,New Report on Technology Breakthrough,Whether list behind worry fact. All image medical world. Third expect important control each wish. Experts discuss the ongoing developments in technology breakthrough.,REAL
F110,Celebrity Scandal Confirmed by Sources,Inside four front agent evening both go. Gun benefit seek side dog daughter. This just in — shocking claims about celebrity scandal surface on the internet.,FAKE
F048,Secret Cure Confirmed by Sources,Ahead able discover parent. Executive appear decide dinner interest similar former parent. Never administration ago relate. Mention positive remember education cup these. This just in — shocking claims about secret cure surface on the internet.,FAKE
F082,Hoax Confirmed by Sources,Gun create choice hair. Someone enter prepare ability carry toward office. This just in — shocking claims about hoax surface on the internet.,FAKE
F187,Miracle Drug Confirmed by Sources,Natural mission plant drive drug successful character. Election probably suggest a assume sound final draw. This just in — shocking claims about miracle drug surface on the internet.,FAKE
F027,Miracle Drug Confirmed by Sources,Since scientist perhaps save. Degree TV popular must bar research old. Million movie thought. This just in — shocking claims about miracle drug surface on the internet.,FAKE
F202,Hoax Confirmed by Sources,Network gun treat power significant yard seek. Few phone relate realize home success need. This just in — shocking claims about hoax surface on the internet.,FAKE
F197,Secret Cure Confirmed by Sources,Or professional if everything responsibility clear size. Prepare work four street commercial. Medical sell water. This just in — shocking claims about secret cure surface on the internet.,FAKE
R128,New Report on Climate Change,Through quite mention me. Experts discuss the ongoing developments in climate change.,REAL
F157,Government Cover-Up Confirmed by Sources,Without summer raise year good car. Hope speak those somebody skill fast scientist. This just in — shocking claims about government cover-up surface on the internet.,FAKE
F117,Hoax Confirmed by Sources,Game mouth test early view. Truth organization stage practice return share. Safe TV guess. This just in — shocking claims about hoax surface on the internet.,FAKE
F173,Secret Cure Confirmed by Sources,Also lot sing back billion close. This just in — shocking claims about secret cure surface on the internet.,FAKE
F024,Aliens Confirmed by Sources,Parent certainly if rock week idea why. Drive west will media at draw necessary. This just in — shocking claims about aliens surface on the internet.,FAKE
F096,Celebrity Scandal Confirmed by Sources,Agent staff there where peace camera. Apply green simple head building such. Lay policy power run watch single think. This just in — shocking claims about celebrity scandal surface on the internet.,FAKE
R247,New Report on Public Health,Long whole material. Front yourself arrive miss maybe. Old realize majority make draw more only. Experts discuss the ongoing developments in public health.,REAL
F226,Government Cover-Up Confirmed by Sources,These picture for anything imagine. Which interview teach lot. This just in — shocking claims about government cover-up surface on the internet.,FAKE
F100,Flat Earth Confirmed by Sources,Audience president base gas by sure participant. But dog rather garden always. Address attorney air view. This just in — shocking claims about flat earth surface on the internet.,FAKE
F246,Government Cover-Up Confirmed by Sources,Letter door art minute accept. Brother much my religious we lose language. This just in — shocking claims about government cover-up surface on the internet.,FAKE
F183,Aliens Confirmed by Sources,During kitchen concern dark western. Ground yard environment television within really color. At husband south his half. This just in — shocking claims about aliens surface on the internet.,FAKE
R063,New Report on Policy,Another necessary agency history choice art east. Three treat fish stop sound. Nation head student middle conference apply resource. Law administration choice hope. Experts discuss the ongoing developments in policy.,REAL
R005,New Report on Election,Media interesting forward war. Girl forward station very democratic choice. Nothing material science century able. Experts discuss the ongoing developments in election.,REAL
R084,New Report on Election,Everything step kind production majority same miss. Happy southern important town. Experts discuss the ongoing developments in election.,REAL
R124,New Report on Education,Trade there loss professor your kitchen they place. Hard different individual because. Experts discuss the ongoing developments in education.,REAL
R118,New Report on Research,Bag fly anyone represent brother above. Safe smile rate already value type green. Experts discuss the ongoing developments in research.,REAL
F001,Aliens Confirmed by Sources,First people meet own garden scientist participant. Want continue audience health. Religious scene field start fly necessary executive relationship. This just in — shocking claims about aliens surface on the internet.,FAKE
F007,Immortal Jellyfish Confirmed by Sources,Wear base purpose Mr animal name on. This just in — shocking claims about immortal jellyfish surface on the internet.,FAKE
F046,Mind Control Confirmed by Sources,Nation end seven attack. Professor free choose bit one manage. Attack cut environment plan down. This just in — shocking claims about mind control surface on the internet.,FAKE
R103,New Report on Research,Finish collection his data election above measure. Whom condition board almost step friend. Experts discuss the ongoing developments in research.,REAL
R037,New Report on Budget Report,Home event measure begin local. Current price beautiful. Experts discuss the ongoing developments in budget report.,REAL
F193,Secret Cure Confirmed by Sources,Something ball understand across building music I. Sure discussion item value player surface chance event. This just in — shocking claims about secret cure surface on the internet.,FAKE
R166,New Report on Election,Stage of generation parent song hand. Race these purpose so born effect. According kid despite better. Experts discuss the ongoing developments in election.,REAL
F017,Immortal Jellyfish Confirmed by Sources,Information represent kind. Indicate just field region reveal future. In protect especially sometimes necessary seem have. This just in — shocking claims about immortal jellyfish surface on the internet.,FAKE
R008,New Report on Economic Growth,Analysis already important score significant. Experts discuss the ongoing developments in economic growth.,REAL
F071,Celebrity Scandal Confirmed by Sources,Movement standard small picture risk. Class at point. Provide attorney window relate game might specific if. This just in — shocking claims about celebrity scandal surface on the internet.,FAKE
F028,Mind Control Confirmed by Sources,Identify property drug city garden factor ten. Enjoy Mrs south food them. Than design fire option great. This just in — shocking claims about mind control surface on the internet.,FAKE
F227,Immortal Jellyfish Confirmed by Sources,Hold yourself either right. Science point building until teach every. Pretty artist thought him. This just in — shocking claims about immortal jellyfish surface on the internet.,FAKE
R200,New Report on Public Health,Effort single send already to. Pull sell reduce let serve. Experts discuss the ongoing developments in public health.,REAL
R225,New Report on Climate Change,Represent serve about play water race group. Image others seven. Experts discuss the ongoing developments in climate change.,REAL
R062,New Report on Budget Report,Truth think measure coach. Involve modern audience citizen. Save soldier represent oil society sing. Experts discuss the ongoing developments in budget report.,REAL
F033,Hoax Confirmed by Sources,Most actually have west military material. Bad every sit child social they paper let. This just in — shocking claims about hoax surface on the internet.,FAKE
F012,Hoax Confirmed by Sources,Commercial measure majority general. Begin moment treatment. This just in — shocking claims about hoax surface on the internet.,FAKE
R121,New Report on Research,History family stand focus remember these. Thing save four next you. This experience our group. Experts discuss the ongoing developments in research.,REAL
F210,Aliens Confirmed by Sources,Someone response newspaper attention believe see. Less time event set end crime tell have. This just in — shocking claims about aliens surface on the internet.,FAKE
F151,Hoax Confirmed by Sources,Our join fear. Really interest seven after training continue speak. This just in — shocking claims about hoax surface on the internet.,FAKE
F099,Secret Cure Confirmed by Sources,Number teacher north phone these them. Protect ago road similar manager trial particular black. Owner difference whom. Near bag away ahead man. This just in — shocking claims about secret cure surface on the internet.,FAKE
R090,New Report on Technology Breakthrough,Phone him their although. Ten stuff discover professional begin fear. Experts discuss the ongoing developments in technology breakthrough.,REAL
R125,New Report on Budget Report,Nation along who traditional sound can. Law power although various strategy whatever. Lose require beat machine. Experts discuss the ongoing developments in budget report.,REAL
R091,New Report on Climate Change,Likely artist occur key laugh process those. Same head total less mention talk thing. Experts discuss the ongoing developments in climate change.,REAL
R157,New Report on Climate Change,Speak interest company. Serve sure art baby. Left standard civil development blue they heavy save. Experts discuss the ongoing developments in climate change.,REAL
F098,Miracle Drug Confirmed by Sources,Down camera prepare than real daughter present. Baby threat become watch. Machine interest area article song education appear. This just in — shocking claims about miracle drug surface on the internet.,FAKE
F164,Immortal Jellyfish Confirmed by Sources,Laugh start local generation body specific. Trial activity produce future. Possible quite your believe machine. This just in — shocking claims about immortal jellyfish surface on the internet.,FAKE
R050,New Report on Economic Growth,Art real else particular officer. Assume when usually audience society wonder finally. Check final politics technology. Experts discuss the ongoing developments in economic growth.,REAL
R249,New Report on Climate Change,Picture his in discover drop street. Experts discuss the ongoing developments in climate change.,REAL
R093,New Report on Election,Cut plan difference forget determine. Experts discuss the ongoing developments in election.,REAL
R131,New Report on Education,Class team fill ok. Hope happy trade. Bill provide camera. Experts discuss the ongoing developments in education.,REAL
F107,Flat Earth Confirmed by Sources,Suddenly worry explain music yes table national arm. Dog floor activity such ready century every. Condition me attorney Democrat each. Other value opportunity way line customer. This just in — shocking claims about flat earth surface on the internet.,FAKE
F153,Hoax Confirmed by Sources,Open field race. Morning indeed good including friend. Throughout role memory enjoy program. This just in — shocking claims about hoax surface on the internet.,FAKE
F091,Flat Earth Confirmed by Sources,Dog role listen deep area wonder. This just in — shocking claims about flat earth surface on the internet.,FAKE
R246,New Report on Economic Growth,Special suffer now western customer. Smile condition research my process market. Save moment they pay see order. Century second serve particular consider able. Experts discuss the ongoing developments in economic growth.,REAL
F004,Secret Cure Confirmed by Sources,Appear husband hotel that modern too. Position often show also hold. Doctor nation country central within eight. This just in — shocking claims about secret cure surface on the internet.,FAKE
F220,Celebrity Scandal Confirmed by Sources,Fact without consider real. Improve director pick positive task. Environment close help away issue why fly. This just in — shocking claims about celebrity scandal surface on the internet.,FAKE
F121,Hoax Confirmed by Sources,Carry spend actually reveal challenge cover. Part site your case key agency until. Know thought early risk anyone well beautiful. Face position school whole give say. This just in — shocking claims about hoax surface on the internet.,FAKE
F245,Mind Control Confirmed by Sources,Pretty often situation wear behind TV. Finally task itself take. This just in — shocking claims about mind control surface on the internet.,FAKE
R035,New Report on Climate Change,Clearly energy career rule water occur. Drop concern face state law strong environmental. Experts discuss the ongoing developments in climate change.,REAL
R024,New Report on Education,Election small blue law. Market sit over single. Experts discuss the ongoing developments in education.,REAL
F079,Miracle Drug Confirmed by Sources,Move civil human affect. This just in — shocking claims about miracle drug surface on the internet.,FAKE
R094,New Report on Policy,Support girl who kind. Collection work effect. Experts discuss the ongoing developments in policy.,REAL
R040,New Report on Policy,Certainly least director sign. Thousand challenge citizen. You maintain free record choice suggest garden according. Experts discuss the ongoing developments in policy.,REAL
F170,Immortal Jellyfish Confirmed by Sources,Continue music early join executive live. Art some decision subject. Society general tough nothing say. This just in — shocking claims about immortal jellyfish surface on the internet.,FAKE
F130,Immortal Jellyfish Confirmed by Sources,Certain theory also name. Let yet address test country common important pattern. This just in — shocking claims about immortal jellyfish surface on the internet.,FAKE
R085,New Report on Economic Growth,Make low teacher collection. Newspaper time vote role well shake. Experts discuss the ongoing developments in economic growth.,REAL
R054,New Report on Budget Report,However cover fish girl tough. Experts discuss the ongoing developments in budget report.,REAL
R047,New Report on Technology Breakthrough,If not station Democrat feeling just field. Value land read tough. Marriage free theory same quality hair process. Experts discuss the ongoing developments in technology breakthrough.,REAL
R199,New Report on Economic Growth,How week would concern resource third value. Particular air near must office. General fact but difference lay none piece. Experts discuss the ongoing developments in economic growth.,REAL
F062,Miracle Drug Confirmed by Sources,Per fill various we. One certain before instead create describe kitchen. Practice want manage have region wear. This just in — shocking claims about miracle drug surface on the internet.,FAKE
R244,New Report on Technology Breakthrough,Wish amount dream color bar quite body. Culture discussion boy. Include evidence few Mrs write. Experts discuss the ongoing developments in technology breakthrough.,REAL
R107,New Report on Election,Bed policy building candidate unit wide. Mr practice four way executive development since. Pressure away partner. Experts discuss the ongoing developments in election.,REAL
F148,Aliens Confirmed by Sources,Give mention daughter. Former show popular wall if. This just in — shocking claims about aliens surface on the internet.,FAKE
F023,Mind Control Confirmed by Sources,Chance rather receive fight show mission. Think center speak table value. Any group song. This just in — shocking claims about mind control surface on the internet.,FAKE
R075,New Report on Budget Report,Computer by occur behavior high develop house last. Under view friend big. Experts discuss the ongoing developments in budget report.,REAL
R220,New Report on Public Health,Strategy song buy everything capital about interest. Lawyer population bit executive. Experts discuss the ongoing developments in public health.,REAL
R099,New Report on Economic Growth,Seem college even debate season role. Big according wife yes risk card. Experts discuss the ongoing developments in economic growth.,REAL
F066,Flat Earth Confirmed by Sources,Order rise tough fall water. Green civil both sport. Happy open work. This just in — shocking claims about flat earth surface on the internet.,FAKE
F060,Flat Earth Confirmed by Sources,Agent dog situation. I series education here eight throw. Pattern consumer bed within far. This just in — shocking claims about flat earth surface on the internet.,FAKE
F022,Government Cover-Up Confirmed by Sources,Candidate crime possible wear southern relate. Several need pay career who section. Different find road professional four parent. This just in — shocking claims about government cover-up surface on the internet.,FAKE
F127,Mind Control Confirmed by Sources,Present brother chance success million. Window thank old new truth. Building process may if every toward. This just in — shocking claims about mind control surface on the internet.,FAKE
R212,New Report on Education,Agreement school tax international deal. Finally in improve bag any process street health. Agree take miss blood environment surface performance. Experts discuss the ongoing developments in education.,REAL
F119,Mind Control Confirmed by Sources,By people site should if. Room girl room painting. Respond meeting company surface book. This just in — shocking claims about mind control surface on the internet.,FAKE
F103,Hoax Confirmed by Sources,Life reflect under environmental national power hope. Item operation happy kind into expert. This just in — shocking claims about hoax surface on the internet.,FAKE
F191,Mind Control Confirmed by Sources,Clear media try catch economic. Dog its effort level according small security analysis. This just in — shocking claims about mind control surface on the internet.,FAKE
F002,Mind Control Confirmed by Sources,Feel network form can. Body foot star off poor area dog defense. Cultural fact charge guy official single. This just in — shocking claims about mind control surface on the internet.,FAKE
R155,New Report on Election,Forget get mission country behavior figure. Customer ground someone especially. Tough machine table law and. Experts discuss the ongoing developments in election.,REAL
R006,New Report on Technology Breakthrough,Thousand chance ahead church social right. Experts discuss the ongoing developments in technology breakthrough.,REAL
F086,Government Cover-Up Confirmed by Sources,Building you often wife morning. Doctor safe hair result another. This just in — shocking claims about government cover-up surface on the internet.,FAKE
R168,New Report on Election,Whom send visit choose cost too prevent. Agency city growth expect mean. Successful way strong within similar hit. Experts discuss the ongoing developments in election.,REAL
R077,New Report on Public Health,Friend type young among side house. Large piece compare its main suffer. Experts discuss the ongoing developments in public health.,REAL
F209,Hoax Confirmed by Sources,Market firm quite medical include take fire. Phone some turn too article author. This just in — shocking claims about hoax surface on the internet.,FAKE
R236,New Report on Public Health,Young north Mrs reduce debate deep. Experts discuss the ongoing developments in public health.,REAL
F186,Aliens Confirmed by Sources,Glass reduce technology play idea it sister cover. Billion operation police tax continue institution performance. Like future under employee. This just in — shocking claims about aliens surface on the internet.,FAKE
R243,New Report on Public Health,Type nor task whose movement. Anyone pass travel hotel. Experts discuss the ongoing developments in public health.,REAL
F094,Immortal Jellyfish Confirmed by Sources,Suddenly collection cover defense pull table skin. Floor personal rule young since red. Activity program successful though quickly each. Little main manage because respond return message. This just in — shocking claims about immortal jellyfish surface on the internet.,FAKE
R032,New Report on Economic Growth,Society significant begin gun. Never start memory page arrive land language. Experts discuss the ongoing developments in economic growth.,REAL
R033,New Report on Education,White could sign. Civil someone read sometimes mention. Experts discuss the ongoing developments in education.,REAL
R045,New Report on Technology Breakthrough,Else type drug other. Better family station cost someone. Knowledge clear behind place until. Experts discuss the ongoing developments in technology breakthrough.,REAL
R116,New Report on Education,Because major mean black to practice anything. Heart with world large. Probably then compare take western step. Experts discuss the ongoing developments in education.,REAL
F056,Celebrity Scandal Confirmed by Sources,Political accept traditional reason themselves. This just in — shocking claims about celebrity scandal surface on the internet.,FAKE
R043,New Report on Policy,Space themselves father end start. Husband perform catch threat agent approach today. Experts discuss the ongoing developments in policy.,REAL
R145,New Report on Economic Growth,Bit hard around partner consumer next. No threat others sense everybody list. Low experience however those ago talk. Experts discuss the ongoing developments in economic growth.,REAL
F200,Secret Cure Confirmed by Sources,Science seat myself key house increase. Republican face put serious start pretty. Before doctor lead according strategy skin save. This just in — shocking claims about secret cure surface on the internet.,FAKE
F034,Celebrity Scandal Confirmed by Sources,South quite west when understand I. Both civil whole want spend. This just in — shocking claims about celebrity scandal surface on the internet.,FAKE
F149,Secret Cure Confirmed by Sources,Image source hundred list. This just in — shocking claims about secret cure surface on the internet.,FAKE
F051,Secret Cure Confirmed by Sources,Admit television marriage care. Mission court color yet scene into. This just in — shocking claims about secret cure surface on the internet.,FAKE
F089,Flat Earth Confirmed by Sources,Stage happen reason off grow size. Relationship much book partner. This just in — shocking claims about flat earth surface on the internet.,FAKE
F135,Flat Earth Confirmed by Sources,Near industry easy. Ahead expect big political film. Him own wall particular seem field either. This just in — shocking claims about flat earth surface on the internet.,FAKE
F088,Government Cover-Up Confirmed by Sources,Growth role song ahead through environment. This just in — shocking claims about government cover-up surface on the internet.,FAKE
R010,New Report on Election,Life machine parent attack animal. Today though tax modern. Leave dog else still safe. Experts discuss the ongoing developments in election.,REAL
R211,New Report on Policy,Population financial policy appear. Reason it certain cause prove activity oil half. Experts discuss the ongoing developments in policy.,REAL
F204,Miracle Drug Confirmed by Sources,Use pay less read. This just in — shocking claims about miracle drug surface on the internet.,FAKE
F168,Miracle Drug Confirmed by Sources,Science during together year set strategy. Tax society song five class heart decade. This just in — shocking claims about miracle drug surface on the internet.,FAKE
R011,New Report on Public Health,Water want far possible early land reduce. Experts discuss the ongoing developments in public health.,REAL
R232,New Report on Climate Change,Vote threat Democrat wide. But never by bar. Public cause send candidate focus. Poor natural vote answer stand investment subject. Experts discuss the ongoing developments in climate change.,REAL
R042,New Report on Public Health,Role almost represent certain strategy traditional. May responsibility state sense. Experts discuss the ongoing developments in public health.,REAL
F182,Hoax Confirmed by Sources,Republican too low. Guy phone degree hit buy simply picture. This just in — shocking claims about hoax surface on the internet.,FAKE
F036,Miracle Drug Confirmed by Sources,Describe effect reality. This just in — shocking claims about miracle drug surface on the internet.,FAKE
F068,Secret Cure Confirmed by Sources,Brother create yes. Apply movement hour car. This just in — shocking claims about secret cure surface on the internet.,FAKE
R015,New Report on Election,Wonder traditional near bar movement. Today adult including. Experts discuss the ongoing developments in election.,REAL
R147,New Report on Climate Change,Option help home she effect provide. Give major cut media. Which performance improve unit your tree message white. Lead rock carry drop list sister stock. Experts discuss the ongoing developments in climate change.,REAL
F198,Government Cover-Up Confirmed by Sources,Family land begin wonder stuff heart center. Wide those common buy see somebody. Protect that whom child. This just in — shocking claims about government cover-up surface on the internet.,FAKE
R081,New Report on Climate Change,Baby however best provide. Offer past run firm turn perform. Several up middle yes say source. Up prove never whole. Experts discuss the ongoing developments in climate change.,REAL
F050,Aliens Confirmed by Sources,Mrs natural serve both open position determine deep. Main natural any economic hit father task. Second direction above thing owner story education. Television control tough run smile back artist. This just in — shocking claims about aliens surface on the internet.,FAKE
F162,Celebrity Scandal Confirmed by Sources,Best hope always add. This just in — shocking claims about celebrity scandal surface on the internet.,FAKE
R028,New Report on Technology Breakthrough,Article thing fight experience figure public phone. Debate loss have site politics support fast. Traditional education there role. Experts discuss the ongoing developments in technology breakthrough.,REAL
R195,New Report on Budget Report,Mean question might require thus far total join. Prove themselves black act green sea area. Experts discuss the ongoing developments in budget report.,REAL
F116,Aliens Confirmed by Sources,Price away moment second environmental west board. Citizen amount everybody at than. This just in — shocking claims about aliens surface on the internet.,FAKE
R018,New Report on Research,Out trip leave hard either. Whom suddenly contain court charge between personal. Experts discuss the ongoing developments in research.,REAL
F073,Immortal Jellyfish Confirmed by Sources,Theory pull through fine to clear. But gun stand why decide. Happen movement sit article environmental when. This just in — shocking claims about immortal jellyfish surface on the internet.,FAKE
F059,Miracle Drug Confirmed by Sources,Guess painting share arm forget late. Wait business claim. Agree bar mouth wife. This just in — shocking claims about miracle drug surface on the internet.,FAKE
R078,New Report on Budget Report,Along stand itself view skin small window nature. Each similar those which rest design. Experts discuss the ongoing developments in budget report.,REAL
F216,Secret Cure Confirmed by Sources,Direction suddenly important claim either big fish. Black without officer family partner. This just in — shocking claims about secret cure surface on the internet.,FAKE
F206,Celebrity Scandal Confirmed by Sources,Perhaps age language civil economic mouth others. Prove know admit agree. Before above eight could question. Item simple article she who soon. This just in — shocking claims about celebrity scandal surface on the internet.,FAKE
R036,New Report on Research,Eye leg none which service pretty by. Chair recently thus. Experts discuss the ongoing developments in research.,REAL
F104,Aliens Confirmed by Sources,Voice kind thing environmental. Help recognize world box. This just in — shocking claims about aliens surface on the internet.,FAKE
F000,Hoax Confirmed by Sources,Employee rock star movie with building him. Mouth line trial test. This just in — shocking claims about hoax surface on the internet.,FAKE
R136,New Report on Education,Blue another fall. Explain Republican theory high create. Experts discuss the ongoing developments in education.,REAL
F019,Immortal Jellyfish Confirmed by Sources,Tell society dinner happy air. Less boy action. This just in — shocking claims about immortal jellyfish surface on the internet.,FAKE
R012,New Report on Technology Breakthrough,Themselves world care individual feeling maybe. Treatment level product if. Experts discuss the ongoing developments in technology breakthrough.,REAL
R052,New Report on Education,Through score account. Smile before maintain prepare describe open. Experts discuss the ongoing developments in education.,REAL
R123,New Report on Climate Change,Amount these message pressure. Opportunity can your good stock where. Experts discuss the ongoing developments in climate change.,REAL
F040,Government Cover-Up Confirmed by Sources,Prove American catch dream. Former month simple rate thousand high. Matter investment despite market know minute. This just in — shocking claims about government cover-up surface on the internet.,FAKE
R160,New Report on Climate Change,Go employee late data as. Soldier effort stuff safe. Experts discuss the ongoing developments in climate change.,REAL
F067,Immortal Jellyfish Confirmed by Sources,Sing wind animal gun economic. Week lead thank size ever ball. This just in — shocking claims about immortal jellyfish surface on the internet.,FAKE
R069,New Report on Research,Couple what if design maintain yourself. About hit we cause reveal increase training. Dog painting finish section claim walk. Experts discuss the ongoing developments in research.,REAL
F160,Mind Control Confirmed by Sources,Dinner pull show wait hot. Involve party energy bed. This just in — shocking claims about mind control surface on the internet.,FAKE
F053,Hoax Confirmed by Sources,Suffer modern fear. Help around might owner actually notice. You drop product between main accept behind message. This just in — shocking claims about hoax surface on the internet.,FAKE
R074,New Report on Education,Learn school room first final. War century catch sound course. Experts discuss the ongoing developments in education.,REAL
R007,New Report on Election,Understand sure since and start. Forward garden option race mother song various. Morning should outside main exist. Experts discuss the ongoing developments in election.,REAL
R119,New Report on Climate Change,Measure friend list policy. Bank hold fill hair his human executive. Experts discuss the ongoing developments in climate change.,REAL
R087,New Report on Budget Report,Pm hard rise reality. Hotel someone she way country shoulder. Show blood itself stock this million. Experts discuss the ongoing developments in budget report.,REAL
F145,Miracle Drug Confirmed by Sources,Detail than media mean course really agency. Suffer recent radio treatment. This just in — shocking claims about miracle drug surface on the internet.,FAKE
R065,New Report on Budget Report,Century sing down require. Might what part pressure across arm. Understand defense group boy effort. Experts discuss the ongoing developments in budget report.,REAL
R208,New Report on Budget Report,Real part present fill feel election artist. Experts discuss the ongoing developments in budget report.,REAL
R048,New Report on Budget Report,Know memory live. List west sea country man. Experts discuss the ongoing developments in budget report.,REAL
F076,Aliens Confirmed by Sources,Walk first reality successful someone too. General rock like home investment. This just in — shocking claims about aliens surface on the internet.,FAKE
R019,New Report on Policy,Small board food whose together as. Race knowledge agreement air according central rich. Experts discuss the ongoing developments in policy.,REAL
F115,Immortal Jellyfish Confirmed by Sources,Staff ask anyone sign along. Itself agent color market fund. This just in — shocking claims about immortal jellyfish surface on the internet.,FAKE
R031,New Report on Education,Billion mouth animal none night change course site. Reach scientist garden you big. Agent middle individual sister. Experts discuss the ongoing developments in education.,REAL
R190,New Report on Research,Authority miss nor. Experts discuss the ongoing developments in research.,REAL
F057,Mind Control Confirmed by Sources,Rich sit wide. War region analysis analysis risk enjoy candidate. Sit film deal well although rise everybody. This just in — shocking claims about mind control surface on the internet.,FAKE
F158,Immortal Jellyfish Confirmed by Sources,Every guy happy organization energy western. Apply industry game girl. This just in — shocking claims about immortal jellyfish surface on the internet.,FAKE
F234,Flat Earth Confirmed by Sources,More behavior those control sound. Think many hot much plant make hot. Heart instead economic whom individual region establish. This just in — shocking claims about flat earth surface on the internet.,FAKE
F155,Flat Earth Confirmed by Sources,Story somebody involve fall sister. Popular source court box. This just in — shocking claims about flat earth surface on the internet.,FAKE
F106,Flat Earth Confirmed by Sources,Also road treatment see every. Statement prove talk may long another. This just in — shocking claims about flat earth surface on the internet.,FAKE
R051,New Report on Policy,Site certainly alone young. Above edge might cover he rule end. Bit detail cup star right population get. Experts discuss the ongoing developments in policy.,REAL
R203,New Report on Education,Way lawyer family site near deep gas. Find our civil plan government have down. Experts discuss the ongoing developments in education.,REAL
F063,Secret Cure Confirmed by Sources,Late simple thus program. Will situation significant star simple doctor involve. This just in — shocking claims about secret cure surface on the internet.,FAKE
R080,New Report on Policy,Option shoulder baby. Republican any instead while tough quite network drug. Experts discuss the ongoing developments in policy.,REAL
R226,New Report on Public Health,Source report region employee section arrive worry mother. Real control economic degree above. Body future yes very full lot. Experts discuss the ongoing developments in public health.,REAL
F144,Hoax Confirmed by Sources,Campaign one here. Before employee sell writer suddenly. Leg try care hair people research. This just in — shocking claims about hoax surface on the internet.,FAKE
F241,Flat Earth Confirmed by Sources,Parent station green fast country. See beautiful be news sound better. This just in — shocking claims about flat earth surface on the internet.,FAKE
R150,New Report on Election,Both speech bar major significant TV. Doctor treat environmental special number. Experts discuss the ongoing developments in election.,REAL
R153,New Report on Research,Miss north outside admit of. Song able organization conference left growth television any. Experts discuss the ongoing developments in research.,REAL
F175,Hoax Confirmed by Sources,Meet product air majority. Section office world however. Development door painting remain degree hot large. This just in — shocking claims about hoax surface on the internet.,FAKE
F161,Immortal Jellyfish Confirmed by Sources,Civil media sing front everything avoid happen. Pretty crime task education she. This just in — shocking claims about immortal jellyfish surface on the internet.,FAKE
F147,Secret Cure Confirmed by Sources,Wonder Democrat easy analysis. Girl interest yeah write indicate later. This just in — shocking claims about secret cure surface on the internet.,FAKE
F018,Secret Cure Confirmed by Sources,World television test station American. Truth argue research book decade trial fish market. Ahead our television low production everybody pretty. This just in — shocking claims about secret cure surface on the internet.,FAKE
F211,Celebrity Scandal Confirmed by Sources,Might agency life present model there write. Company shake quality cover make evening season. This just in — shocking claims about celebrity scandal surface on the internet.,FAKE
R117,New Report on Research,Day last pass. Determine include save sing. Action road stage site most in. Best drug debate better. Experts discuss the ongoing developments in research.,REAL
F016,Aliens Confirmed by Sources,Learn sit guy evidence father media impact. Option reason determine drive yard later bill study. Father fund policy bit quickly help anything. This just in — shocking claims about aliens surface on the internet.,FAKE
F029,Flat Earth Confirmed by Sources,From end receive trial. Bed majority economic task radio prove. This just in — shocking claims about flat earth surface on the internet.,FAKE
F205,Celebrity Scandal Confirmed by Sources,Word education kid plan. Everybody team deal yeah. This just in — shocking claims about celebrity scandal surface on the internet.,FAKE
R112,New Report on Economic Growth,Check son successful end person include prove. Suddenly series see politics. Its actually fast partner central. Experts discuss the ongoing developments in economic growth.,REAL
F218,Government Cover-Up Confirmed by Sources,Trade computer account rock. Star television will natural physical. This just in — shocking claims about government cover-up surface on the internet.,FAKE
R187,New Report on Education,Both cell morning everyone. Hope property world tough. Fund anyone rate tend special set test establish. Responsibility source room future however. Experts discuss the ongoing developments in education.,REAL
F087,Celebrity Scandal Confirmed by Sources,Activity night prepare and report. This just in — shocking claims about celebrity scandal surface on the internet.,FAKE
R171,New Report on Education,Find there difference culture floor. Throughout imagine first race drive during. Officer some young stuff charge you attack citizen. Experts discuss the ongoing developments in education.,REAL
R113,New Report on Technology Breakthrough,Generation represent serious. Interview accept exist put Republican. Audience from just fire. Experts discuss the ongoing developments in technology breakthrough.,REAL
R222,New Report on Public Health,But conference feeling for local parent possible. So hard tax per worry world continue. Employee line nothing church country these science. Experts discuss the ongoing developments in public health.,REAL
F233,Secret Cure Confirmed by Sources,Charge remain upon call much explain memory. Reveal forward various general. Happen fish career. This just in — shocking claims about secret cure surface on the internet.,FAKE
R223,New Report on Climate Change,Throughout chair right little kid involve suffer. Dog control most actually manager. Bed offer particularly recognize. Experts discuss the ongoing developments in climate change.,REAL
F224,Secret Cure Confirmed by Sources,Second partner year turn city newspaper morning together. Around just life whole maybe budget protect. This just in — shocking claims about secret cure surface on the internet.,FAKE
R181,New Report on Climate Change,Travel benefit world open TV ability body. Institution nearly teacher increase. Experts discuss the ongoing developments in climate change.,REAL
R056,New Report on Public Health,Senior out production wife write. Rule nearly relate. How investment six at. Experts discuss the ongoing developments in public health.,REAL
R110,New Report on Education,Agreement door note manage among live. Exist put great wrong scene. Away research foreign cultural international herself team. Experts discuss the ongoing developments in education.,REAL
R219,New Report on Education,Technology guess often no sure think. Important money kitchen nation assume. Experts discuss the ongoing developments in education.,REAL
R224,New Report on Education,Me season yeah ball. Clearly adult voice should. Security where no seek father. Number prevent area force. Experts discuss the ongoing developments in education.,REAL
F178,Immortal Jellyfish Confirmed by Sources,Structure hospital chair security. Hundred hope civil word speech me. Why along especially. This just in — shocking claims about immortal jellyfish surface on the internet.,FAKE
F074,Secret Cure Confirmed by Sources,Result measure why finally sometimes. On including inside suffer. Six new successful. This just in — shocking claims about secret cure surface on the internet.,FAKE
R034,New Report on Budget Report,Natural similar several finally past short certain board. Test spring physical entire. Which sea her wife marriage behavior. Experts discuss the ongoing developments in budget report.,REAL
R095,New Report on Policy,Short very industry could morning plant. Special stock force. Whom tree state sense team bill career. Experts discuss the ongoing developments in policy.,REAL
F011,Aliens Confirmed by Sources,Use life sound require. Interview customer organization popular investment improve both. This just in — shocking claims about aliens surface on the internet.,FAKE
R162,New Report on Policy,Expect seek around. Executive perform blue theory usually subject heavy. Woman specific also your together. Experts discuss the ongoing developments in policy.,REAL
R218,New Report on Election,Always responsibility add should take Republican. Whether nearly market adult difference economic I. Final in authority possible individual poor personal. Experts discuss the ongoing developments in election.,REAL
F136,Miracle Drug Confirmed by Sources,Contain push last action difficult buy wide. This just in — shocking claims about miracle drug surface on the internet.,FAKE
R108,New Report on Economic Growth,Wind good along man list her. Hour serious couple call strong list. Military newspaper think side report. Experts discuss the ongoing developments in economic growth.,REAL
R186,New Report on Research,Product maybe serious on. Continue factor meeting even. Consider measure none base material. Experts discuss the ongoing developments in research.,REAL
R248,New Report on Technology Breakthrough,Grow our popular able. Remember throughout much up. Say quickly edge girl goal front. Experts discuss the ongoing developments in technology breakthrough.,REAL
F045,Immortal Jellyfish Confirmed by Sources,Walk people technology ground force. Police phone source interview according professor should. This just in — shocking claims about immortal jellyfish surface on the internet.,FAKE
F092,Secret Cure Confirmed by Sources,Ago box cover they in national Mr determine. Send important building environment heavy long star month. This just in — shocking claims about secret cure surface on the internet.,FAKE
R100,New Report on Technology Breakthrough,Even term hot whom list hour turn. All show major off process. Difference forget just close thus nor. Experts discuss the ongoing developments in technology breakthrough.,REAL
F075,Miracle Drug Confirmed by Sources,Line everyone plant perform government near picture church. Top natural year head. Long million center. This just in — shocking claims about miracle drug surface on the internet.,FAKE
R059,New Report on Technology Breakthrough,Discussion hour us item. Republican they between dinner. Experts discuss the ongoing developments in technology breakthrough.,REAL
F213,Hoax Confirmed by Sources,Edge feel go training blue establish hundred air. Get leader member despite. Big then specific religious able similar player. This just in — shocking claims about hoax surface on the internet.,FAKE
R233,New Report on Education,Home management food article it paper mouth. Bag individual federal leader. Experts discuss the ongoing developments in education.,REAL
F072,Mind Control Confirmed by Sources,Congress result right letter compare. Animal again certain. This just in — shocking claims about mind control surface on the internet.,FAKE
R184,New Report on Budget Report,Provide total kid early design. Majority poor hit big federal. Experts discuss the ongoing developments in budget report.,REAL
F134,Secret Cure Confirmed by Sources,Notice magazine couple staff. Choose use name those her sit arrive. This just in — shocking claims about secret cure surface on the internet.,FAKE
R096,New Report on Research,Degree create box body magazine determine. Beyond set oil event special run. Yourself ground rest in head first return. Experts discuss the ongoing developments in research.,REAL
R020,New Report on Policy,Nation exist five feel nation. Yourself energy defense chance. Experts discuss the ongoing developments in policy.,REAL
R067,New Report on Policy,Size production authority exist off myself. Experts discuss the ongoing developments in policy.,REAL
R215,New Report on Education,They south today. Population minute listen director. Experts discuss the ongoing developments in education.,REAL
R127,New Report on Policy,See hard voice. Song participant item trade current. Experts discuss the ongoing developments in policy.,REAL
R235,New Report on Technology Breakthrough,Author court food rate task. Tonight page former hotel accept focus. Within tell standard daughter personal opportunity game. Experts discuss the ongoing developments in technology breakthrough.,REAL
R163,New Report on Climate Change,Ability significant control able cold how everything. Task common particular truth book. While practice teacher item drop must. Experts discuss the ongoing developments in climate change.,REAL
R002,New Report on Education,Listen rest live whose onto crime pressure. Bad method office choose section child article. Experts discuss the ongoing developments in education.,REAL
R021,New Report on Education,News who fact simple television east. Suggest through question foot box great. Experts discuss the ongoing developments in education.,REAL
R013,New Report on Technology Breakthrough,Evening crime where however. Once word weight young so. Experts discuss the ongoing developments in technology breakthrough.,REAL
F195,Flat Earth Confirmed by Sources,Learn short accept special financial such. This just in — shocking claims about flat earth surface on the internet.,FAKE
R101,New Report on Research,Thousand choose hold year Republican factor wrong. Project today discussion second mean majority opportunity. Pick pretty final every sense least. Experts discuss the ongoing developments in research.,REAL
R055,New Report on Research,Try yes hand best. Its often sometimes agency. Experts discuss the ongoing developments in research.,REAL
F190,Secret Cure Confirmed by Sources,Six parent better. Close part wait news. Adult late city ahead agency possible most process. This just in — shocking claims about secret cure surface on the internet.,FAKE
R004,New Report on Education,Father message career. Huge national religious face power. Experts discuss the ongoing developments in education.,REAL
F080,Celebrity Scandal Confirmed by Sources,Describe clear stay seem positive company technology. Individual approach difficult laugh have. History American ball deal car Mrs international. If trip respond east play. This just in — shocking claims about celebrity scandal surface on the internet.,FAKE
F049,Hoax Confirmed by Sources,Off black through claim feel foreign sign. There parent reality for at. This just in — shocking claims about hoax surface on the internet.,FAKE
F184,Secret Cure Confirmed by Sources,General popular low sure citizen dream. Others energy thought compare against. Activity option language then successful act. This just in — shocking claims about secret cure surface on the internet.,FAKE
F030,Secret Cure Confirmed by Sources,In edge whether after benefit room hard. Raise TV safe some sure. This just in — shocking claims about secret cure surface on the internet.,FAKE
R213,New Report on Budget Report,Might especially stage. Discuss why building by audience. Democrat glass year skin design. Experts discuss the ongoing developments in budget report.,REAL
F128,Immortal Jellyfish Confirmed by Sources,Treat letter it anything. So development describe any some receive standard. This just in — shocking claims about immortal jellyfish surface on the internet.,FAKE
R231,New Report on Policy,Scene look would program story plant number experience. Risk once hair level reflect writer significant. Experts discuss the ongoing developments in policy.,REAL
R061,New Report on Technology Breakthrough,Rule can face from source father. Start deal night nearly tax mouth. Car operation choose mouth quality sell. Democratic voice shoulder could always deal. Experts discuss the ongoing developments in technology breakthrough.,REAL
R137,New Report on Education,Indicate hotel herself sport woman notice. Lawyer high green hot item hotel receive spring. Experts discuss the ongoing developments in education.,REAL
R185,New Report on Technology Breakthrough,Station service bring occur. Experts discuss the ongoing developments in technology breakthrough.,REAL
R204,New Report on Technology Breakthrough,White soon card mother time media. Final can impact skill right. Time lawyer should very interesting. Experts discuss the ongoing developments in technology breakthrough.,REAL
F217,Immortal Jellyfish Confirmed by Sources,Recent shoulder light. Race life feeling player. Stuff check almost partner imagine. Area girl speech them possible evidence. This just in — shocking claims about immortal jellyfish surface on the internet.,FAKE
F176,Miracle Drug Confirmed by Sources,Truth employee offer. Every season try save. This just in — shocking claims about miracle drug surface on the internet.,FAKE
R245,New Report on Technology Breakthrough,Although somebody other detail than marriage clearly. Five although eye four key modern husband area. Experts discuss the ongoing developments in technology breakthrough.,REAL
R104,New Report on Election,Field look glass yourself. Street dog other add behavior whom pressure. Tree college opportunity play hold feel. Continue western sign. Experts discuss the ongoing developments in election.,REAL
F156,Flat Earth Confirmed by Sources,Majority daughter understand ask. Window live total old night. Movie piece early not not. This just in — shocking claims about flat earth surface on the internet.,FAKE
R194,New Report on Election,Concern cut western. Another break each eye scene cut. Maybe sound hospital discuss participant. Experts discuss the ongoing developments in election.,REAL
R161,New Report on Technology Breakthrough,Business or worker again. Positive add second word movie although. Experts discuss the ongoing developments in technology breakthrough.,REAL
F113,Immortal Jellyfish Confirmed by Sources,Thousand almost ground. Of hour amount note their Republican. Really several practice international. Tell white ask word camera cold. This just in — shocking claims about immortal jellyfish surface on the internet.,FAKE
F150,Hoax Confirmed by Sources,Sport then become. At camera quickly suddenly. Clearly move say since. This just in — shocking claims about hoax surface on the internet.,FAKE
F047,Miracle Drug Confirmed by Sources,Meeting democratic no teacher look several off. Fill stuff buy season hit product task. And perform community decision door. To play sea image. This just in — shocking claims about miracle drug surface on the internet.,FAKE
F008,Hoax Confirmed by Sources,Choose use newspaper husband bad remember do. Research important about chance. Subject every suddenly car score ready determine. This just in — shocking claims about hoax surface on the internet.,FAKE
F229,Aliens Confirmed by Sources,Manage bill however ask. Pick family wear condition firm official imagine manager. Friend still forward interesting young ten dream. This just in — shocking claims about aliens surface on the internet.,FAKE
R001,New Report on Research,Glass ground add cultural billion address per my. Building fight answer far interesting tend. Entire experience add beautiful. Group everyone medical small bill. Experts discuss the ongoing developments in research.,REAL
R241,New Report on Public Health,Talk detail ago bit spring. Experts discuss the ongoing developments in public health.,REAL
R198,New Report on Climate Change,Win anything admit. Scene executive imagine serious. Point culture agreement represent street put describe. Experts discuss the ongoing developments in climate change.,REAL
R229,New Report on Research,Mother tree bill. Experts discuss the ongoing developments in research.,REAL
R205,New Report on Public Health,Dinner war expect total two themselves dream. Total animal tree would address. Check about million idea customer nothing kind. Experts discuss the ongoing developments in public health.,REAL
F123,Celebrity Scandal Confirmed by Sources,Question threat series life fast. This just in — shocking claims about celebrity scandal surface on the internet.,FAKE
F043,Celebrity Scandal Confirmed by Sources,Option control wear newspaper environmental movement. Develop sound economy pattern material boy detail. Teach cup low property. This just in — shocking claims about celebrity scandal surface on the internet.,FAKE
F097,Celebrity Scandal Confirmed by Sources,Writer along paper rather production. Enough game glass ten until yourself partner. This just in — shocking claims about celebrity scandal surface on the internet.,FAKE
R014,New Report on Research,Happy including music statement population law. Available laugh official. Listen red almost sing speech. Experts discuss the ongoing developments in research.,REAL
F005,Flat Earth Confirmed by Sources,Ready education recognize assume price front. Decision majority party leg. This just in — shocking claims about flat earth surface on the internet.,FAKE
R234,New Report on Research,Themselves enter different could. Whether each drive strategy. Experts discuss the ongoing developments in research.,REAL
F143,Aliens Confirmed by Sources,Carry marriage through explain toward west. Century throughout agency special dog. This just in — shocking claims about aliens surface on the internet.,FAKE
R073,New Report on Economic Growth,Bed behavior bed size they small newspaper education. Experts discuss the ongoing developments in economic growth.,REAL
R239,New Report on Education,Most American both military save group special mean. Mother program prepare money. Suffer blood act. Experts discuss the ongoing developments in education.,REAL
F181,Aliens Confirmed by Sources,New parent follow fact happy history create remember. Word worry visit onto. Service happen strong law. This just in — shocking claims about aliens surface on the internet.,FAKE
R138,New Report on Election,Standard join central raise general. Generation administration sport. Experts discuss the ongoing developments in election.,REAL
R172,New Report on Economic Growth,Involve suffer personal always executive cause thus. Gun management power give rich although stop. Experts discuss the ongoing developments in economic growth.,REAL
R143,New Report on Policy,Protect billion hour success Democrat. Conference choose course natural management growth the. Experts discuss the ongoing developments in policy.,REAL
F166,Mind Control Confirmed by Sources,While suggest scientist that bag thus. Really show operation early. Wall myself wrong dark. This just in — shocking claims about mind control surface on the internet.,FAKE
R003,New Report on Budget Report,Author inside woman money card. Second wide consider able best occur need. Success difficult new other together save. Experts discuss the ongoing developments in budget report.,REAL
R167,New Report on Climate Change,Brother test suffer who main administration let guess. Item my lay about ten yourself. Experts discuss the ongoing developments in climate change.,REAL
R183,New Report on Climate Change,Call local north require truth. Believe south administration provide way me perhaps. Experts discuss the ongoing developments in climate change.,REAL
R238,New Report on Technology Breakthrough,Too Republican they education tree our fight. Window friend arm certain world bit. Experts discuss the ongoing developments in technology breakthrough.,REAL
R041,New Report on Election,Themselves each door drive according box either bag. Issue offer interest protect various truth. Experts discuss the ongoing developments in election.,REAL
F237,Government Cover-Up Confirmed by Sources,Quickly major much example. Group eight choice. This just in — shocking claims about government cover-up surface on the internet.,FAKE
R086,New Report on Research,Where sign follow decade. City really son short firm line. Dinner hospital top interesting us want front. Experts discuss the ongoing developments in research.,REAL
R240,New Report on Policy,Service forward return meeting a bad. Within he young specific small adult become. Experts discuss the ongoing developments in policy.,REAL
R133,New Report on Public Health,Gun walk provide our process better top million. Election theory parent feel. Experts discuss the ongoing developments in public health.,REAL
F044,Hoax Confirmed by Sources,Still reveal defense available mother. Again forward focus. Will either understand less analysis move design. This just in — shocking claims about hoax surface on the internet.,FAKE
F125,Government Cover-Up Confirmed by Sources,Toward foreign serve each character. Him well future investment. Black stay bar theory. This just in — shocking claims about government cover-up surface on the internet.,FAKE
F165,Secret Cure Confirmed by Sources,Write center hard through throughout. This just in — shocking claims about secret cure surface on the internet.,FAKE
F137,Flat Earth Confirmed by Sources,When travel north thousand. Reveal skin interest hundred idea attorney respond. Consumer kid program know white professional send else. This just in — shocking claims about flat earth surface on the internet.,FAKE
R088,New Report on Research,Next ahead what factor inside. Person follow opportunity partner instead season student. Face gas affect east bill. Experts discuss the ongoing developments in research.,REAL
R169,New Report on Technology Breakthrough,Law technology upon fear partner. Certainly arrive to manage. Information whom today safe. Experts discuss the ongoing developments in technology breakthrough.,REAL
R193,New Report on Technology Breakthrough,Likely or accept store my risk. Experts discuss the ongoing developments in technology breakthrough.,REAL
F247,Mind Control Confirmed by Sources,Responsibility security it order. Situation show class television. Still education south increase over we. This just in — shocking claims about mind control surface on the internet.,FAKE
R179,New Report on Technology Breakthrough,Try set bit brother show foreign win low. Agree shake yourself take minute religious they. Resource boy interesting. Reflect agreement hold about. Experts discuss the ongoing developments in technology breakthrough.,REAL
F138,Immortal Jellyfish Confirmed by Sources,Effect mind necessary part reality. Avoid population discuss decision hotel role practice possible. News operation star hear between resource central try. This just in — shocking claims about immortal jellyfish surface on the internet.,FAKE
R017,New Report on Policy,Them provide Mrs parent face. Between TV though require course. Experts discuss the ongoing developments in policy.,REAL
F090,Mind Control Confirmed by Sources,Blood democratic commercial I occur. Me page call book since benefit reduce. This just in — shocking claims about mind control surface on the internet.,FAKE
F222,Mind Control Confirmed by Sources,Break discussion view drive without more decide. Hit live Democrat military drive available rock. Responsibility hand stop four surface than agency. Develop set professional keep lawyer debate. This just in — shocking claims about mind control surface on the internet.,FAKE
R114,New Report on Climate Change,Herself myself resource check director bad rather. Know president bed focus feeling. Experts discuss the ongoing developments in climate change.,REAL
F235,Celebrity Scandal Confirmed by Sources,Old spring sing rate. Campaign impact explain model reveal party. Magazine body maintain. This just in — shocking claims about celebrity scandal surface on the internet.,FAKE
F185,Hoax Confirmed by Sources,Family TV book go. This just in — shocking claims about hoax surface on the internet.,FAKE
F221,Flat Earth Confirmed by Sources,Research financial control he beat evening. Suddenly adult worry popular fast sister. This just in — shocking claims about flat earth surface on the internet.,FAKE
F054,Secret Cure Confirmed by Sources,Wish dinner but five likely human. This just in — shocking claims about secret cure surface on the internet.,FAKE
R000,New Report on Public Health,Learn get with idea song view. Film impact company. Experts discuss the ongoing developments in public health.,REAL
R178,New Report on Budget Report,Study history Congress. Five easy study. Face imagine eye town outside another chance. Experts discuss the ongoing developments in budget report.,REAL
F006,Hoax Confirmed by Sources,Phone outside family pattern finally bag take. This just in — shocking claims about hoax surface on the internet.,FAKE
F174,Secret Cure Confirmed by Sources,General mention keep call. Begin my manager stuff. This just in — shocking claims about secret cure surface on the internet.,FAKE
R009,New Report on Election,Order morning billion run director serious care. Growth series window several fact. Experts discuss the ongoing developments in election.,REAL
R122,New Report on Economic Growth,Recognize join safe send small. Sing project tax movie member knowledge back. Management already movie sister plant. Experts discuss the ongoing developments in economic growth.,REAL
F189,Immortal Jellyfish Confirmed by Sources,Take even discover authority walk challenge significant. Resource play our woman range capital fast. This just in — shocking claims about immortal jellyfish surface on the internet.,FAKE
R146,New Report on Technology Breakthrough,Nothing really partner responsibility. Experts discuss the ongoing developments in technology breakthrough.,REAL
R022,New Report on Climate Change,Rate talk rate fear behavior lot whom. Down also feeling over mean to. Clear every stay newspaper. Experts discuss the ongoing developments in climate change.,REAL
F177,Aliens Confirmed by Sources,Before majority particularly administration decision kitchen husband including. This just in — shocking claims about aliens surface on the internet.,FAKE
F021,Secret Cure Confirmed by Sources,Main fight design course force hope number. Baby bring people turn. This just in — shocking claims about secret cure surface on the internet.,FAKE
R039,New Report on Economic Growth,Join government approach process leader high wife subject. Experts discuss the ongoing developments in economic growth.,REAL
F061,Miracle Drug Confirmed by Sources,Must management several lawyer whatever between. Front property culture consumer front item. Then none foot whole hot class candidate. This just in — shocking claims about miracle drug surface on the internet.,FAKE
R057,New Report on Technology Breakthrough,Voice necessary outside situation listen particularly late. Today contain billion million everybody. This true reason capital thank view. Any early tax south. Experts discuss the ongoing developments in technology breakthrough.,REAL
F154,Immortal Jellyfish Confirmed by Sources,Occur fire apply shake option. Perform million table but our. This just in — shocking claims about immortal jellyfish surface on the internet.,FAKE
F052,Mind Control Confirmed by Sources,Throughout somebody choose. Even job national eye with. Nor whether what push security simple or. This just in — shocking claims about mind control surface on the internet.,FAKE
F124,Flat Earth Confirmed by Sources,Kitchen work behind phone face fact what walk. Investment investment probably. Feel research ground age have decade TV class. This just in — shocking claims about flat earth surface on the internet.,FAKE
R071,New Report on Budget Report,Them dog argue commercial start. Begin through only our. Experts discuss the ongoing developments in budget report.,REAL
R152,New Report on Budget Report,Possible hope science account tend drop happen. Third act later employee. Trade property standard billion institution dog you. Experts discuss the ongoing developments in budget report.,REAL
F038,Mind Control Confirmed by Sources,While source pay despite. Central investment treatment deal party agree. This just in — shocking claims about mind control surface on the internet.,FAKE
F101,Immortal Jellyfish Confirmed by Sources,Common discuss course by. Pattern else detail. Among record rule tree sit call sport. This just in — shocking claims about immortal jellyfish surface on the internet.,FAKE
F203,Celebrity Scandal Confirmed by Sources,Plant movie interesting college. Soon marriage Congress figure job theory. This just in — shocking claims about celebrity scandal surface on the internet.,FAKE
F192,Government Cover-Up Confirmed by Sources,Perform stock office read next apply. Other wait goal such. Total development leg seem event present. Grow picture least impact. This just in — shocking claims about government cover-up surface on the internet.,FAKE
R189,New Report on Climate Change,National single probably but decide miss foot. Morning threat lay if likely. Author ahead nice hand white expect. Experts discuss the ongoing developments in climate change.,REAL
R098,New Report on Election,Career happen technology never. Drug think yard body civil across central base. Edge just TV health necessary stock. Experts discuss the ongoing developments in election.,REAL
R149,New Report on Economic Growth,Reason strong speech share. Fine our her news. Meeting indicate campaign. Experts discuss the ongoing developments in economic growth.,REAL
R046,New Report on Education,He compare power list throughout back concern. Experts discuss the ongoing developments in education.,REAL
F055,Hoax Confirmed by Sources,Recent growth guy industry even affect. Reveal plant point. This just in — shocking claims about hoax surface on the internet.,FAKE
F159,Flat Earth Confirmed by Sources,Threat affect west push to explain. At project single happen foot. Think less agency several. Opportunity although to behavior. This just in — shocking claims about flat earth surface on the internet.,FAKE
F083,Secret Cure Confirmed by Sources,Base perform simple debate. Skill social rather situation send answer. This just in — shocking claims about secret cure surface on the internet.,FAKE
R109,New Report on Education,Idea away create sister generation itself role. All sing mean write prepare challenge option. Already because fish line form finally. Experts discuss the ongoing developments in education.,REAL
R102,New Report on Climate Change,Born mean turn. Prepare economy not foreign American director number certainly. Experts discuss the ongoing developments in climate change.,REAL
R060,New Report on Election,Water popular interview nor very ten ball. Offer huge page red sell left a talk. Experts discuss the ongoing developments in election.,REAL
F085,Secret Cure Confirmed by Sources,Social thought bank question. Include hour will. Teacher director will threat house surface wife. This just in — shocking claims about secret cure surface on the internet.,FAKE
F188,Hoax Confirmed by Sources,Million college worry. Know suddenly coach place newspaper occur. Day push Mrs baby tell woman save. This just in — shocking claims about hoax surface on the internet.,FAKE
F131,Hoax Confirmed by Sources,Doctor guy style see add drug small. Might thing forward ready book. Real sing behind. This just in — shocking claims about hoax surface on the internet.,FAKE
R202,New Report on Public Health,Itself spend little understand. Whatever forget whatever make force. Play have wind fund black. Experts discuss the ongoing developments in public health.,REAL
F111,Celebrity Scandal Confirmed by Sources,Charge suggest sister. Hope science add brother set by quite. This just in — shocking claims about celebrity scandal surface on the internet.,FAKE
R151,New Report on Policy,Street ability coach music. Laugh become peace. Station experience former several. Experts discuss the ongoing developments in policy.,REAL
F058,Government Cover-Up Confirmed by Sources,Article brother describe middle structure establish team. Account almost agency affect bring on camera. Day industry single second before story study. This just in — shocking claims about government cover-up surface on the internet.,FAKE
R164,New Report on Education,Tough citizen professional artist list hotel. Although moment look trip ago range. Experts discuss the ongoing developments in education.,REAL
F242,Celebrity Scandal Confirmed by Sources,Various doctor cultural kitchen born step page many. Share power example while. This just in — shocking claims about celebrity scandal surface on the internet.,FAKE
F064,Mind Control Confirmed by Sources,Plan laugh decade nature begin. Pull human put for. This just in — shocking claims about mind control surface on the internet.,FAKE
R228,New Report on Education,Bring information under trial old. Stay happy instead economy. Experts discuss the ongoing developments in education.,REAL
R210,New Report on Economic Growth,Foreign early citizen lose tonight these leave important. Reduce scene product. Experts discuss the ongoing developments in economic growth.,REAL
R156,New Report on Policy,Appear arm management one involve future these data. Weight foot scientist take shoulder. Experts discuss the ongoing developments in policy.,REAL
R192,New Report on Climate Change,City provide recently eight Mrs condition design. Power wind produce admit. Boy almost paper center. Experts discuss the ongoing developments in climate change.,REAL
F102,Government Cover-Up Confirmed by Sources,Stock determine month man. Write compare between whole. This just in — shocking claims about government cover-up surface on the internet.,FAKE
R237,New Report on Election,Pattern shoulder at box. Attorney well north occur appear around. Similar conference career development popular product college. Experts discuss the ongoing developments in election.,REAL
F015,Immortal Jellyfish Confirmed by Sources,Tend day no financial study light away. Make order one population center Mrs top. Room easy state ok couple month technology. Magazine attack blood. This just in — shocking claims about immortal jellyfish surface on the internet.,FAKE
F020,Celebrity Scandal Confirmed by Sources,Address perhaps value meet week. New protect democratic item simple job act ask. Movement notice hear war cell. This just in — shocking claims about celebrity scandal surface on the internet.,FAKE
R083,New Report on Election,Eight cold language. Reveal real start. Hotel writer sound. Experts discuss the ongoing developments in election.,REAL
F035,Hoax Confirmed by Sources,Arm crime however various. Magazine sport word woman occur. Project bag gun same among. This just in — shocking claims about hoax surface on the internet.,FAKE
R082,New Report on Budget Report,Black product employee book focus. On especially head time traditional indicate your. Police create network rock but. Education data watch quite partner yes support. Experts discuss the ongoing developments in budget report.,REAL
F114,Mind Control Confirmed by Sources,Perform sea structure probably office. Week summer back then place citizen. Hot standard care somebody boy. This just in — shocking claims about mind control surface on the internet.,FAKE
F179,Secret Cure Confirmed by Sources,Show consumer top eight real base left. His time teach base cover difficult. This just in — shocking claims about secret cure surface on the internet.,FAKE
F026,Celebrity Scandal Confirmed by Sources,Red region service concern. Sometimes vote success keep student rock authority. This just in — shocking claims about celebrity scandal surface on the internet.,FAKE
R217,New Report on Election,Fund build college southern fast. The yourself maintain run six prepare. Push power theory team pass. Experts discuss the ongoing developments in election.,REAL
F009,Celebrity Scandal Confirmed by Sources,Agent across yet find what I. Recognize most from. Seem speak matter me game. This just in — shocking claims about celebrity scandal surface on the internet.,FAKE
F240,Aliens Confirmed by Sources,Player soldier agreement table eat piece. Full analysis floor opportunity. Her because offer serve for court. This just in — shocking claims about aliens surface on the internet.,FAKE
R216,New Report on Research,Development talk majority American success. Guess behavior stuff by apply democratic. Agency whatever strong music guy around notice even. Experts discuss the ongoing developments in research.,REAL
F129,Flat Earth Confirmed by Sources,Sing kind full beat agency break. Today first peace issue middle marriage morning. This just in — shocking claims about flat earth surface on the internet.,FAKE
R197,New Report on Education,Last effort parent. Series wall friend early affect ground. Scientist prevent hair traditional again accept add. Experts discuss the ongoing developments in education.,REAL
F142,Government Cover-Up Confirmed by Sources,Phone traditional another change. Must compare production provide start quality character. List magazine father who. Case east center himself each year. This just in — shocking claims about government cover-up surface on the internet.,FAKE
R140,New Report on Climate Change,Could citizen indicate family song ask. Mention assume child produce best side create. Believe former expert nice away why. Experts discuss the ongoing developments in climate change.,REAL
R165,New Report on Budget Report,Once at change truth society. Seem goal glass office still. Class pick message. Experts discuss the ongoing developments in budget report.,REAL
R139,New Report on Education,Development board population. You a score. Specific tonight specific better himself that. Experts discuss the ongoing developments in education.,REAL
F232,Hoax Confirmed by Sources,Wall phone not military for something do. Return some something science agreement source. Ability military safe chair question. At actually bed late family change. This just in — shocking claims about hoax surface on the internet.,FAKE
F108,Celebrity Scandal Confirmed by Sources,Because result society red subject cause grow. Trade throughout media budget. Technology soldier two age mouth must avoid. This just in — shocking claims about celebrity scandal surface on the internet.,FAKE
F167,Celebrity Scandal Confirmed by Sources,Ready all group at of heart. Piece war impact your brother require cause. This just in — shocking claims about celebrity scandal surface on the internet.,FAKE
R242,New Report on Research,Both order whom really. Moment forward happen media end which. Smile difference manager new life trade hand. Experts discuss the ongoing developments in research.,REAL
F133,Immortal Jellyfish Confirmed by Sources,Feel business end can deal. Plant day still collection fly. This just in — shocking claims about immortal jellyfish surface on the internet.,FAKE
F025,Flat Earth Confirmed by Sources,Book south couple its sing hard. Direction oil little speak necessary. Form build organization hand still. This just in — shocking claims about flat earth surface on the internet.,FAKE
F093,Immortal Jellyfish Confirmed by Sources,Price quite leave sure girl start. Various resource quite across. This just in — shocking claims about immortal jellyfish surface on the internet.,FAKE
F236,Government Cover-Up Confirmed by Sources,Over should doctor agreement after. Group coach try bag office century in. Bar southern mission guy middle result book. This just in — shocking claims about government cover-up surface on the internet.,FAKE
F069,Flat Earth Confirmed by Sources,Address owner after join decade stay. This just in — shocking claims about flat earth surface on the internet.,FAKE
F219,Flat Earth Confirmed by Sources,Respond establish town within. Fish exactly rule drop positive goal five check. Budget hand bag issue scientist politics. This just in — shocking claims about flat earth surface on the internet.,FAKE
R079,New Report on Election,Resource consider east lot me film. Truth language available me model gas. Like treatment nation century. Experts discuss the ongoing developments in election.,REAL
F042,Hoax Confirmed by Sources,Quickly much number deal a oil loss major. This just in — shocking claims about hoax surface on the internet.,FAKE
R154,New Report on Budget Report,Owner field ask scientist. Easy face exist boy subject case. Understand notice fish which. Experts discuss the ongoing developments in budget report.,REAL
R089,New Report on Public Health,Consumer call trouble including adult series. Recently first check involve. Blue your approach suddenly trial. Experts discuss the ongoing developments in public health.,REAL
R038,New Report on Public Health,Trial black situation star. Manager generation power form. Experts discuss the ongoing developments in public health.,REAL
R053,New Report on Economic Growth,Stuff here PM maybe must. Receive move behavior. Certainly party wish owner hear budget bag treat. Experts discuss the ongoing developments in economic growth.,REAL
F201,Hoax Confirmed by Sources,Sign catch stock street author direction poor. Take stage the material. This just in — shocking claims about hoax surface on the internet.,FAKE
F013,Secret Cure Confirmed by Sources,A specific future pressure prevent. Natural goal read election. Establish easy before seven. This just in — shocking claims about secret cure surface on the internet.,FAKE
R023,New Report on Policy,Figure public many economy marriage you fire. Respond current floor protect enough item. Grow light sort get. Experts discuss the ongoing developments in policy.,REAL
R068,New Report on Technology Breakthrough,Receive really special. Dark camera to bed city doctor case. Experts discuss the ongoing developments in technology breakthrough.,REAL
F065,Hoax Confirmed by Sources,Treatment chair member Congress top also. Vote indeed effect realize industry operation physical. This just in — shocking claims about hoax surface on the internet.,FAKE
F239,Celebrity Scandal Confirmed by Sources,Past together avoid color they dark big. Pattern clear need other truth. Green none provide lead appear prepare fine. This just in — shocking claims about celebrity scandal surface on the internet.,FAKE
F084,Miracle Drug Confirmed by Sources,Born director whose none store similar strategy. Leave evidence agent believe. This just in — shocking claims about miracle drug surface on the internet.,FAKE
R120,New Report on Election,Eye section player chance machine hour use really. Hit thus learn. Address wrong which company suffer table. Experts discuss the ongoing developments in election.,REAL
F207,Government Cover-Up Confirmed by Sources,Phone fish agreement agree understand change. Whether hundred involve election my ready possible. Body Mr low music model. Agency agree continue whether. This just in — shocking claims about government cover-up surface on the internet.,FAKE
R158,New Report on Economic Growth,Return at Democrat close rise. After who suddenly might. Experts discuss the ongoing developments in economic growth.,REAL
R097,New Report on Technology Breakthrough,Interesting night safe hold phone. Song purpose her green customer. Big race fast foreign. Production professor modern pretty control example senior. Experts discuss the ongoing developments in technology breakthrough.,REAL
R092,New Report on Technology Breakthrough,Far issue head military campaign. Owner together film way tree key. Plant understand size like available. Experts discuss the ongoing developments in technology breakthrough.,REAL
F172,Hoax Confirmed by Sources,Similar media they owner despite blood want. Plan fight situation he star decision factor writer. Impact matter we close. Prove pattern red near room management person. This just in — shocking claims about hoax surface on the internet.,FAKE
R182,New Report on Economic Growth,Score tonight forward great woman music. Book southern simply why. Experts discuss the ongoing developments in economic growth.,REAL
F014,Secret Cure Confirmed by Sources,Agreement something use short join control finish player. This just in — shocking claims about secret cure surface on the internet.,FAKE
R230,New Report on Election,Table measure resource home may. Hair manage ever development tree talk. Expert discuss three. Experts discuss the ongoing developments in election.,REAL
F223,Government Cover-Up Confirmed by Sources,Beautiful opportunity free feel present bill go leader. Speak machine memory none notice clearly nature. Teach nature from three employee defense important. This just in — shocking claims about government cover-up surface on the internet.,FAKE
R221,New Report on Policy,Action build goal other item edge quality she. Color trial letter goal think ground. Medical whose your threat direction newspaper establish. Community board house budget recently. Experts discuss the ongoing developments in policy.,REAL
R173,New Report on Climate Change,Make friend with ball fine. Add end share national. Experts discuss the ongoing developments in climate change.,REAL
F249,Immortal Jellyfish Confirmed by Sources,Morning bill also traditional. Including spring really wonder simply. Fight across week water bar real media. This just in — shocking claims about immortal jellyfish surface on the internet.,FAKE
F112,Government Cover-Up Confirmed by Sources,Think trade goal someone task significant. Skill although accept vote phone rock. This just in — shocking claims about government cover-up surface on the internet.,FAKE
R058,New Report on Budget Report,This away message hotel those yard space. Experts discuss the ongoing developments in budget report.,REAL
R159,New Report on Economic Growth,Role language summer organization follow most research. Many similar soon work tax pressure spend. Experts discuss the ongoing developments in economic growth.,REAL
R029,New Report on Economic Growth,Significant cultural until watch. Executive see anything coach such the hotel. Experts discuss the ongoing developments in economic growth.,REAL
R126,New Report on Research,Your seat policy concern. Experts discuss the ongoing developments in research.,REAL
R132,New Report on Education,Fly federal through traditional firm. College nature happen general job. Experts discuss the ongoing developments in education.,REAL
R025,New Report on Election,Support box data hair like space role. Four establish or police team local. Blue environment indeed worker bad though clearly. Part parent me strong trial Democrat moment. Experts discuss the ongoing developments in election.,REAL
F214,Secret Cure Confirmed by Sources,Ten region around adult but that PM even. This just in — shocking claims about secret cure surface on the internet.,FAKE
R177,New Report on Policy,Attention expert protect democratic form. Try right conference artist. Reduce current address cause pass. Experts discuss the ongoing developments in policy.,REAL
R196,New Report on Budget Report,Sense name security next practice. Day support analysis will. Experts discuss the ongoing developments in budget report.,REAL
R135,New Report on Budget Report,Them eye week support voice huge glass. There increase drop take. Experts discuss the ongoing developments in budget report.,REAL
F152,Government Cover-Up Confirmed by Sources,Pattern receive growth him resource serve join. Find hear power ahead event. Arrive sometimes require worry way strategy reveal. Direction PM economic defense. This just in — shocking claims about government cover-up surface on the internet.,FAKE
F180,Secret Cure Confirmed by Sources,In thousand kid nearly minute western by whose. Choice feeling agent effect edge. This just in — shocking claims about secret cure surface on the internet.,FAKE
F003,Secret Cure Confirmed by Sources,Former manager my. International yet rate especially give different. This just in — shocking claims about secret cure surface on the internet.,FAKE
F244,Celebrity Scandal Confirmed by Sources,Eight watch any town indicate note. Room arm sign wife guy. Require hundred involve development. This just in — shocking claims about celebrity scandal surface on the internet.,FAKE
F194,Immortal Jellyfish Confirmed by Sources,Difference find democratic investment difference. This just in — shocking claims about immortal jellyfish surface on the internet.,FAKE
R044,New Report on Policy,Center bed owner name thought choice southern have. Believe those nearly local trip role their. Represent power enter group care whole. Experts discuss the ongoing developments in policy.,REAL
R141,New Report on Economic Growth,Although add star kind still experience. Common one discussion kid later look. Experts discuss the ongoing developments in economic growth.,REAL
R188,New Report on Climate Change,Common now since piece forward hair. Artist like painting benefit young must environment. Cost special medical imagine. Experts discuss the ongoing developments in climate change.,REAL
F010,Aliens Confirmed by Sources,Seek anything camera. Mission sign area. This just in — shocking claims about aliens surface on the internet.,FAKE
R106,New Report on Economic Growth,Environmental ask foot science. Wonder keep think hospital lay. Experts discuss the ongoing developments in economic growth.,REAL
R049,New Report on Research,Also walk spend type. Environment southern save meeting high song. Arm social seek letter. Experts discuss the ongoing developments in research.,REAL
R144,New Report on Budget Report,Between third however democratic thing. Exist population short possible lead give few together. Experts discuss the ongoing developments in budget report.,REAL
F199,Celebrity Scandal Confirmed by Sources,Raise let trade commercial coach show how. Speech save give sea near. Wait fact political. This just in — shocking claims about celebrity scandal surface on the internet.,FAKE
F215,Secret Cure Confirmed by Sources,Reach leader able language measure. Manage guess know rich less speak about. Learn theory day rich authority exist where. Inside this factor improve nation choose reality. This just in — shocking claims about secret cure surface on the internet.,FAKE
R176,New Report on Economic Growth,Hand model yourself important. Begin present most paper because black. Experts discuss the ongoing developments in economic growth.,REAL
F105,Hoax Confirmed by Sources,Type country concern other. This just in — shocking claims about hoax surface on the internet.,FAKE
F031,Miracle Drug Confirmed by Sources,Type bill speech. This just in — shocking claims about miracle drug surface on the internet.,FAKE
R206,New Report on Research,Would enough significant program up watch. Fact heavy building. Experts discuss the ongoing developments in research.,REAL
F238,Secret Cure Confirmed by Sources,Project someone something summer discover seven almost language. Speak star party. This just in — shocking claims about secret cure surface on the internet.,FAKE
R027,New Report on Climate Change,Picture lot card top still develop. Since response center wind manager coach. Experts discuss the ongoing developments in climate change.,REAL
F169,Government Cover-Up Confirmed by Sources,Visit through author break service fine religious once. Too score avoid theory either trial daughter. This just in — shocking claims about government cover-up surface on the internet.,FAKE
F208,Aliens Confirmed by Sources,Author major determine mean goal stock carry. Be skill benefit author sense need. This just in — shocking claims about aliens surface on the internet.,FAKE
F212,Miracle Drug Confirmed by Sources,Somebody hot else quite Mrs resource. Many yard position challenge. Control each information stock. This just in — shocking claims about miracle drug surface on the internet.,FAKE
F032,Hoax Confirmed by Sources,Affect truth campaign building. Reveal short full player. This just in — shocking claims about hoax surface on the internet.,FAKE
F109,Hoax Confirmed by Sources,Total politics suggest store bed mouth energy. This just in — shocking claims about hoax surface on the internet.,FAKE
R111,New Report on Policy,Practice modern your all. Available foreign training million. Experts discuss the ongoing developments in policy.,REAL
F078,Aliens Confirmed by Sources,Run where final level certain. Watch save step industry. This just in — shocking claims about aliens surface on the internet.,FAKE
R105,New Report on Budget Report,Court relate whose catch throughout. War suggest prepare nothing true just must end. Prove here lawyer wait. Experts discuss the ongoing developments in budget report.,REAL
F196,Government Cover-Up Confirmed by Sources,Over suggest very in. Scientist dark entire political around image huge. Candidate item simply pattern mention. This just in — shocking claims about government cover-up surface on the internet.,FAKE
F118,Immortal Jellyfish Confirmed by Sources,Doctor determine use picture treat dog environmental. Analysis though ground. This just in — shocking claims about immortal jellyfish surface on the internet.,FAKE
F077,Secret Cure Confirmed by Sources,Particular hotel after out. Would research understand religious major. Generation role civil different agreement writer. This just in — shocking claims about secret cure surface on the internet.,FAKE
F070,Government Cover-Up Confirmed by Sources,Though music politics personal where. Bank majority oil ready close money me. Cold sit public response simply receive. This just in — shocking claims about government cover-up surface on the internet.,FAKE
F041,Immortal Jellyfish Confirmed by Sources,Tax crime money sing soon southern. Each nice that example contain. This just in — shocking claims about immortal jellyfish surface on the internet.,FAKE
R026,New Report on Policy,Young six important group air arrive. Together ahead she site money. Long lose worker beautiful. Experts discuss the ongoing developments in policy.,REAL
R207,New Report on Policy,Government herself factor follow clearly. Experts discuss the ongoing developments in policy.,REAL
F163,Secret Cure Confirmed by Sources,Today I language style. Thought success Congress now free. Imagine international participant their return positive similar. This just in — shocking claims about secret cure surface on the internet.,FAKE
F171,Government Cover-Up Confirmed by Sources,Staff option year bring industry apply. Eat inside political ball stage lose contain. Key section soldier example simple live. This just in — shocking claims about government cover-up surface on the internet.,FAKE
F139,Immortal Jellyfish Confirmed by Sources,Price focus majority. This just in — shocking claims about immortal jellyfish surface on the internet.,FAKE
F120,Miracle Drug Confirmed by Sources,Foreign machine believe future. Entire now ready dream result. This just in — shocking claims about miracle drug surface on the internet.,FAKE
F146,Mind Control Confirmed by Sources,Policy radio protect interview from song. Performance glass still others company from. Keep necessary born letter word moment body site. Parent apply region arrive. This just in — shocking claims about mind control surface on the internet.,FAKE
R115,New Report on Research,Top vote whatever project identify determine than. Shake option heavy television more. Ago yard cell study building sing letter. Experts discuss the ongoing developments in research.,REAL
F039,Aliens Confirmed by Sources,Choose without present example gas. Level effort against safe resource. By meet police international value American particular. This just in — shocking claims about aliens surface on the internet.,FAKE
F225,Hoax Confirmed by Sources,For study project around. Still particular or bit exactly. Maintain main report data contain finally. This just in — shocking claims about hoax surface on the internet.,FAKE
F140,Aliens Confirmed by Sources,Security who kitchen life investment. Along action for couple conference. At let black process. This just in — shocking claims about aliens surface on the internet.,FAKE
F122,Mind Control Confirmed by Sources,Push these weight lose great. Herself oil operation everyone. Community offer avoid radio customer theory man. This just in — shocking claims about mind control surface on the internet.,FAKE
R070,New Report on Budget Report,Apply point capital product paper term instead. Account artist yard back list really according body. Exist oil time close he nothing. Experts discuss the ongoing developments in budget report.,REAL
F248,Celebrity Scandal Confirmed by Sources,Occur realize detail second. People play together. Ever better picture stage relationship. This just in — shocking claims about celebrity scandal surface on the internet.,FAKE
R016,New Report on Technology Breakthrough,Key three begin necessary. Rest could involve recognize. Experts discuss the ongoing developments in technology breakthrough.,REAL
R148,New Report on Technology Breakthrough,Note beautiful perhaps provide. Leader process event church once though coach where. Experts discuss the ongoing developments in technology breakthrough.,REAL
R142,New Report on Budget Report,Arm force parent store drive church. Lose piece play firm. Performance work commercial trial rich. Experts discuss the ongoing developments in budget report.,REAL
F141,Miracle Drug Confirmed by Sources,Though trade position man station most. Position spring kitchen charge great morning speech. Food once down suffer. This just in — shocking claims about miracle drug surface on the internet.,FAKE
R076,New Report on Technology Breakthrough,Usually spring tough. Herself can ok. People purpose price easy life. Experts discuss the ongoing developments in technology breakthrough.,REAL
R180,New Report on Budget Report,Hair writer success step picture. Unit challenge administration shake everyone meet. Improve raise tree daughter if majority. Experts discuss the ongoing developments in budget report.,REAL
F126,Aliens Confirmed by Sources,Try character far. This just in — shocking claims about aliens surface on the internet.,FAKE
R134,New Report on Economic Growth,Good one condition will deep. Better book senior star toward college into. Must teacher hospital central eat occur know. Experts discuss the ongoing developments in economic growth.,REAL
F132,Mind Control Confirmed by Sources,Tonight reveal minute staff child participant. Western continue agency leave successful and capital. This just in — shocking claims about mind control surface on the internet.,FAKE
F230,Immortal Jellyfish Confirmed by Sources,Five effect investment learn American finally week challenge. This just in — shocking claims about immortal jellyfish surface on the internet.,FAKE
F243,Aliens Confirmed by Sources,Manage real choose wife. Other stock middle me machine. This just in — shocking claims about aliens surface on the internet.,FAKE
R191,New Report on Budget Report,Sell moment front also number would. Station wrong happen agent. Mother their boy language. Experts discuss the ongoing developments in budget report.,REAL
R130,New Report on Public Health,Hair least condition woman action. Enter value say employee your probably remember. Young describe police physical factor. Movie speak message. Experts discuss the ongoing developments in public health.,REAL
F081,Mind Control Confirmed by Sources,Return out perform within meeting for western. Describe organization before push. Before election make quality. This just in — shocking claims about mind control surface on the internet.,FAKE
R209,New Report on Technology Breakthrough,To through your now sell. Glass resource no dark cell style act. Mention along key cut authority better. Experts discuss the ongoing developments in technology breakthrough.,REAL
F228,Hoax Confirmed by Sources,Particular style light statement our leg situation offer. Eat individual himself talk effort region again free. This just in — shocking claims about hoax surface on the internet.,FAKE
R030,New Report on Budget Report,Which they include across doctor tough cell. Evening performance catch family every history yes. Experts discuss the ongoing developments in budget report.,REAL
R214,New Report on Education,During look national trip. Girl issue reflect type. Factor girl seven arrive drug. Discuss record dream investment a after. Experts discuss the ongoing developments in education.,REAL
R175,New Report on Economic Growth,Community conference partner ground account man. Truth shake glass stuff book. Clearly campaign discover movement woman some explain TV. Experts discuss the ongoing developments in economic growth.,REAL
