id,title,filtered_words_str,label
R129,New Report on Election,"black,involve,serious,action.,listen,father,choice,investment,upon,couple.,experts,discuss,ongoing,developments,election.",REAL
R227,New Report on Climate Change,"rule,writer,know,happy,baby,exactly,present,suffer.,environmental,son,five,option,friend.,compare,nature,respond,name,position.,experts,discuss,ongoing,developments,climate,change.",REAL
F231,Aliens Confirmed by Sources,"turn,girl,respond,suggest,sing,idea,charge.,positive,try,possible,shoulder,customer.,owner,positive,allow,example,remain,time,single.,—,shocking,claims,aliens,surface,internet.",FAKE
R066,New Report on Policy,"movie,talk,seek,power.,experts,discuss,ongoing,developments,policy.",REAL
F095,Mind Control Confirmed by Sources,"mean,american,material,born.,listen,continue,sit.,—,shocking,claims,mind,control,surface,internet.",FAKE
R174,New Report on Policy,"dream,program,west,half.,risk,mind,bill,without,admit.,experts,discuss,ongoing,developments,policy.",REAL
R201,New Report on Public Health,"brother,according,shoulder,military,form.,sing,reach,call,quality,remain.,experts,discuss,ongoing,developments,public,health.",REAL
R072,New Report on Education,"sister,senior,president,concern,billion,cell,modern.,experts,discuss,ongoing,developments,education.",REAL
R064,New Report on Research,"week,style,ten,start.,activity,culture,fear,there.,experts,discuss,ongoing,developments,research.",REAL
F037,Miracle Drug Confirmed by Sources,"single,degree,point,economic,never.,activity,war,food,oil.,arrive,word,recent,break,create.,—,shocking,claims,miracle,drug,surface,internet.",FAKE
R170,New Report on Technology Breakthrough,"maybe,heart,type,family.,several,color,ten,goal,people,visit,environmental.,experts,discuss,ongoing,developments,technology,breakthrough.",REAL
F110,Celebrity Scandal Confirmed by Sources,"democratic,prepare,art,add,price,though.,—,shocking,claims,celebrity,scandal,surface,internet.",FAKE
F048,Secret Cure Confirmed by Sources,"trouble,test,build,knowledge,main,west,full.,direction,without,fine.,company,consumer,upon,people,any.,—,shocking,claims,secret,cure,surface,internet.",FAKE
F082,Hoax Confirmed by Sources,"heart,return,picture,wall.,heart,inside,report.,degree,raise,student,travel,test,term,southern,stage.,—,shocking,claims,hoax,surface,internet.",FAKE
F187,Miracle Drug Confirmed by Sources,"community,west,tv,space.,rich,alone,rule,seek,box,example,expect,in.,enjoy,particular,officer,live,fast,matter.,—,shocking,claims,miracle,drug,surface,internet.",FAKE
F027,Miracle Drug Confirmed by Sources,"tax,seem,whether,admit.,man,family,group,buy,always.,draw,scene,trouble,today,tax.,—,shocking,claims,miracle,drug,surface,internet.",FAKE
F202,Hoax Confirmed by Sources,"yeah,open,method,information,seem,message,positive.,deal,wrong,source,seem.,six,identify,admit,law.,—,shocking,claims,hoax,surface,internet.",FAKE
F197,Secret Cure Confirmed by Sources,"win,wide,kind,improve,leader.,score,cultural,term,country,respond,like.,—,shocking,claims,secret,cure,surface,internet.",FAKE
R128,New Report on Climate Change,"movie,throw,owner,cover,explain,career,matter.,try,woman,player,pm,other.,also,dark.,experts,discuss,ongoing,developments,climate,change.",REAL
F157,Government Cover-Up Confirmed by Sources,"young,find,employee,act.,red,effort,kind,agency,statement,six.,decision,candidate,produce,create,place,likely.,—,shocking,claims,government,cover-up,surface,internet.",FAKE
F117,Hoax Confirmed by Sources,"everyone,operation,avoid,certain.,determine,hard,care,not.,—,shocking,claims,hoax,surface,internet.",FAKE
F173,Secret Cure Confirmed by Sources,"simple,note,mother,meet,score.,movement,agency,job,it.,—,shocking,claims,secret,cure,surface,internet.",FAKE
F024,Aliens Confirmed by Sources,"subject,medical,learn,candidate,station,station.,serve,lose,add,answer,wall,child,experience.,national,gun,pretty.,—,shocking,claims,aliens,surface,internet.",FAKE
F096,Celebrity Scandal Confirmed by Sources,"hundred,design,order,bad.,foreign,win,dog.,—,shocking,claims,celebrity,scandal,surface,internet.",FAKE
R247,New Report on Public Health,"cut,main,hit,nothing,concern.,environment,involve,book,language,important,behavior,news.,experts,discuss,ongoing,developments,public,health.",REAL
F226,Government Cover-Up Confirmed by Sources,"prepare,arm,magazine,son.,accept,bit.,responsibility,program,opportunity,dream,among.,—,shocking,claims,government,cover-up,surface,internet.",FAKE
F100,Flat Earth Confirmed by Sources,"trade,war,figure,character,maintain.,director,thought,discover,charge,early.,—,shocking,claims,flat,earth,surface,internet.",FAKE
F246,Government Cover-Up Confirmed by Sources,"control,fast,everybody.,measure,drive,seem,film.,section,argue,table,blue,hundred,coach,nice.,—,shocking,claims,government,cover-up,surface,internet.",FAKE
F183,Aliens Confirmed by Sources,"leader,investment,memory,thank.,—,shocking,claims,aliens,surface,internet.",FAKE
R063,New Report on Policy,"hospital,serve,since.,story,last,stock,husband.,experts,discuss,ongoing,developments,policy.",REAL
R005,New Report on Election,"every,option,expect.,media,activity,feel,challenge,little,actually.,hot,mention,outside,focus,school,tax,often.,experts,discuss,ongoing,developments,election.",REAL
R084,New Report on Election,"sign,occur,professor,black,edge.,beyond,rate,system,important,past,difficult,garden,edge.,experts,discuss,ongoing,developments,election.",REAL
R124,New Report on Education,"step,training,serve,expect,thousand,mission.,various,ready,trial,air.,baby,remain,add,case,approach.,experts,discuss,ongoing,developments,education.",REAL
R118,New Report on Research,"country,hair,something,investment.,college,land,realize,four,information,best.,evening,work,ground.,experts,discuss,ongoing,developments,research.",REAL
F001,Aliens Confirmed by Sources,"issue,international,reflect,material,individual,share.,—,shocking,claims,aliens,surface,internet.",FAKE
F007,Immortal Jellyfish Confirmed by Sources,"break,meeting,culture,green,material,tv,inside.,century,describe,recently.,two,conference,could.,—,shocking,claims,immortal,jellyfish,surface,internet.",FAKE
F046,Mind Control Confirmed by Sources,"phone,improve,language.,safe,last,whose.,—,shocking,claims,mind,control,surface,internet.",FAKE
R103,New Report on Research,"five,admit,discussion,first,character.,design,able,from.,use,memory,remember,day,wall.,economic,suggest,crime,feel,say,major,stage,heavy.,experts,discuss,ongoing,developments,research.",REAL
R037,New Report on Budget Report,"enjoy,rich,rate,page,believe.,entire,star,can.,relate,home,rather,parent.,experts,discuss,ongoing,developments,budget,report.",REAL
F193,Secret Cure Confirmed by Sources,"throw,decade,hospital.,happy,woman,room.,growth,pretty,college,network,radio,left,road,coach.,foreign,forget,might,response,may.,—,shocking,claims,secret,cure,surface,internet.",FAKE
R166,New Report on Election,"property,subject,call,recent.,experts,discuss,ongoing,developments,election.",REAL
F017,Immortal Jellyfish Confirmed by Sources,"future,simply,fund,opportunity,trip,image,stock,need.,position,seven,us,well,story.,—,shocking,claims,immortal,jellyfish,surface,internet.",FAKE
R008,New Report on Economic Growth,"answer,receive,news,bank,color,easy,page.,strong,dog,board.,book,recent,wonder,where.,experts,discuss,ongoing,developments,economic,growth.",REAL
F071,Celebrity Scandal Confirmed by Sources,"others,suffer,republican,operation.,agreement,provide,hair,first,however.,science,available,alone,continue,difficult,kind.,group,see,strategy,begin.,—,shocking,claims,celebrity,scandal,surface,internet.",FAKE
F028,Mind Control Confirmed by Sources,"else,talk.,fall,expert,sign,find,defense,similar,fly.,—,shocking,claims,mind,control,surface,internet.",FAKE
F227,Immortal Jellyfish Confirmed by Sources,"begin,language,fight,air.,difficult,interest,raise,site,investment,wife.,popular,game,ground,life.,—,shocking,claims,immortal,jellyfish,surface,internet.",FAKE
R200,New Report on Public Health,"skill,live,impact,than.,different,several,more.,experts,discuss,ongoing,developments,public,health.",REAL
R225,New Report on Climate Change,"describe,poor,ask,family,yes,official,message.,experts,discuss,ongoing,developments,climate,change.",REAL
R062,New Report on Budget Report,"bring,attorney,collection,conference,degree,way.,start,receive,save,member,perhaps,star.,usually,hour,section,leg,grow.,experts,discuss,ongoing,developments,budget,report.",REAL
F033,Hoax Confirmed by Sources,"group,eye,account,conference,appear,drive.,turn,network,member,suggest,concern,second.,—,shocking,claims,hoax,surface,internet.",FAKE
F012,Hoax Confirmed by Sources,"trial,sign,past,could.,partner,help,central,hot,ground,approach,share,wind.,realize,ahead,recognize,several,according,very.,—,shocking,claims,hoax,surface,internet.",FAKE
R121,New Report on Research,"mission,fly,whether.,director,around,travel.,glass,message,throw.,perhaps,clear,rock,notice.,experts,discuss,ongoing,developments,research.",REAL
F210,Aliens Confirmed by Sources,"arm,question,agreement,imagine,sea,just.,student,picture,use,fast,stuff.,sure,fight,gun,window,pattern,discuss.,—,shocking,claims,aliens,surface,internet.",FAKE
F151,Hoax Confirmed by Sources,"character,stuff,save,player.,draw,look,sometimes.,around,admit,improve.,energy,treat,single,win,indicate.,—,shocking,claims,hoax,surface,internet.",FAKE
F099,Secret Cure Confirmed by Sources,"partner,several,management,big,significant.,watch,police,open,dark,cell,myself.,organization,someone,rest,stock,challenge,catch,student.,—,shocking,claims,secret,cure,surface,internet.",FAKE
R090,New Report on Technology Breakthrough,"job,east,time,model,speech,project.,improve,yet,assume,present.,force,debate,owner,two,teach,president.,experts,discuss,ongoing,developments,technology,breakthrough.",REAL
R125,New Report on Budget Report,"fast,trade,author.,several,deal,especially,west,establish,huge.,experts,discuss,ongoing,developments,budget,report.",REAL
R091,New Report on Climate Change,"country,quite,note,religious,history.,experts,discuss,ongoing,developments,climate,change.",REAL
R157,New Report on Climate Change,"artist,college,voice,then.,individual,point,approach,forward,color.,plant,staff,arrive,throw.,experts,discuss,ongoing,developments,climate,change.",REAL
F098,Miracle Drug Confirmed by Sources,"group,activity,focus,once.,list,miss,line,open,eye,draw.,production,investment,test,gas,course,attention.,physical,necessary,usually,air,forward.,—,shocking,claims,miracle,drug,surface,internet.",FAKE
F164,Immortal Jellyfish Confirmed by Sources,"message,realize.,relationship,approach,process,center,system,off.,—,shocking,claims,immortal,jellyfish,surface,internet.",FAKE
R050,New Report on Economic Growth,"study,common,several,impact,old,pick.,dark,trial,along,skin,note,interview.,push,build,agent,job.,experts,discuss,ongoing,developments,economic,growth.",REAL
R249,New Report on Climate Change,"quality,successful.,free,ok,catch,street,letter.,amount,quickly,baby,represent,ready.,charge,affect,seven,pattern,serve,star.,experts,discuss,ongoing,developments,climate,change.",REAL
R093,New Report on Election,"popular,beautiful,learn.,story,decide,program,key.,mrs,never,analysis,standard,per,deal,decision.,experts,discuss,ongoing,developments,election.",REAL
R131,New Report on Education,"system,class,dog.,experts,discuss,ongoing,developments,education.",REAL
F107,Flat Earth Confirmed by Sources,"within,test,four,form,tree,war.,still,market,tonight.,sound,leader,left,name,lead.,—,shocking,claims,flat,earth,surface,internet.",FAKE
F153,Hoax Confirmed by Sources,"blue,good,society,current.,increase,treatment,simple.,—,shocking,claims,hoax,surface,internet.",FAKE
F091,Flat Earth Confirmed by Sources,"sign,magazine,local,research.,question,work,kid,successful.,—,shocking,claims,flat,earth,surface,internet.",FAKE
R246,New Report on Economic Growth,"fly,account,collection,glass.,building,box,operation,alone,crime.,system,recent,second,certainly.,experts,discuss,ongoing,developments,economic,growth.",REAL
F004,Secret Cure Confirmed by Sources,"television,business,far,adult,us,sing,our.,near,size,put,really,lead,structure.,blood,even,figure,poor,cold.,—,shocking,claims,secret,cure,surface,internet.",FAKE
F220,Celebrity Scandal Confirmed by Sources,"response,total,tv,author,leg.,woman,need,their.,—,shocking,claims,celebrity,scandal,surface,internet.",FAKE
F121,Hoax Confirmed by Sources,"security,wrong,painting,add,tonight,fall.,simple,operation,relate,serious,bank.,produce,fund,scene,soon.,—,shocking,claims,hoax,surface,internet.",FAKE
F245,Mind Control Confirmed by Sources,"term,close,step,strategy,system.,little,view,whatever,cup.,—,shocking,claims,mind,control,surface,internet.",FAKE
R035,New Report on Climate Change,"article,program,reach,remain,happen,toward.,cause,shake,real,nearly,senior,last,generation.,experts,discuss,ongoing,developments,climate,change.",REAL
R024,New Report on Education,"us,door,race,hotel,back,professional.,discover,three,stay,suggest,believe,successful.,force,rise,decade.,boy,trade,old.,experts,discuss,ongoing,developments,education.",REAL
F079,Miracle Drug Confirmed by Sources,"particular,understand,forget,then.,hold,big,major,always,think,natural,party.,—,shocking,claims,miracle,drug,surface,internet.",FAKE
R094,New Report on Policy,"war,poor,article.,scene,tv,hot,way,international.,experts,discuss,ongoing,developments,policy.",REAL
R040,New Report on Policy,"relate,debate,rest.,benefit,plan,weight,cover,eight,teach,debate.,experts,discuss,ongoing,developments,policy.",REAL
F170,Immortal Jellyfish Confirmed by Sources,"tough,protect,business.,word,month,live,of.,financial,ask,floor,interview.,—,shocking,claims,immortal,jellyfish,surface,internet.",FAKE
F130,Immortal Jellyfish Confirmed by Sources,"agency,republican,next,baby,center,break,indeed.,teach,choice,realize,final,finish,according.,—,shocking,claims,immortal,jellyfish,surface,internet.",FAKE
R085,New Report on Economic Growth,"agency,cause,far,space,better,low.,kind,cup,lawyer,national.,young,turn,join,administration,federal.,experts,discuss,ongoing,developments,economic,growth.",REAL
R054,New Report on Budget Report,"prevent,station,evening,whatever,natural,staff,wrong.,medical,design,imagine,occur,imagine,respond,page.,quality,tough,road,easy,bad,near.,experts,discuss,ongoing,developments,budget,report.",REAL
R047,New Report on Technology Breakthrough,"board,office,soon,free,short.,experts,discuss,ongoing,developments,technology,breakthrough.",REAL
R199,New Report on Economic Growth,"wife,provide,fall,ten,network,add,national,suddenly.,eat,natural,prevent,everyone,though,technology.,drug,soon,when.,campaign,quite,participant,interview,role,single.,experts,discuss,ongoing,developments,economic,growth.",REAL
F062,Miracle Drug Confirmed by Sources,"store,person,receive,candidate,town.,contain,begin,child,produce,democratic,figure,street.,—,shocking,claims,miracle,drug,surface,internet.",FAKE
R244,New Report on Technology Breakthrough,"color,add,guy,stage,father,political,past,bring.,among,modern,end,commercial,once.,kitchen,develop,act,cup,wife,police,research,after.,fact,suggest,town,current,possible,pass.,experts,discuss,ongoing,developments,technology,breakthrough.",REAL
R107,New Report on Election,"education,less,mouth.,defense,perform,old,old.,wrong,human,play,enter,decade.,experts,discuss,ongoing,developments,election.",REAL
F148,Aliens Confirmed by Sources,"laugh,use,sense.,old,ever,six,appear,source,wind.,marriage,good,attorney,argue,size,note,check,speech.,without,sometimes,theory,way,reveal.,—,shocking,claims,aliens,surface,internet.",FAKE
F023,Mind Control Confirmed by Sources,"start,ok,almost,set,huge,many,game,should.,structure,serious,surface,forward,carry,support,hair,box.,network,oil,together,everybody,meeting.,—,shocking,claims,mind,control,surface,internet.",FAKE
R075,New Report on Budget Report,"answer,left,even,south,impact,country.,mr,simply,may,past,message,interesting,country.,experts,discuss,ongoing,developments,budget,report.",REAL
R220,New Report on Public Health,"authority,respond,yourself.,serious,southern,win,history,part.,key,question,family,sit,talk,two,own.,product,discussion,hope,color,author,discussion,good.,experts,discuss,ongoing,developments,public,health.",REAL
R099,New Report on Economic Growth,"network,offer,traditional,concern,nature,college,top.,subject,politics,fear,everyone,ball,score.,experts,discuss,ongoing,developments,economic,growth.",REAL
F066,Flat Earth Confirmed by Sources,"party,although,threat,nearly.,—,shocking,claims,flat,earth,surface,internet.",FAKE
F060,Flat Earth Confirmed by Sources,"receive,else,under.,race,today,bring,then.,—,shocking,claims,flat,earth,surface,internet.",FAKE
F022,Government Cover-Up Confirmed by Sources,"tree,activity,finally,your.,beyond,huge,interview,hair,tough.,late,risk,full,question,increase,foreign,decision,green.,star,first,participant,federal,window,lead,debate,short.,—,shocking,claims,government,cover-up,surface,internet.",FAKE
F127,Mind Control Confirmed by Sources,"military,current,win,case,fly,factor,never.,actually,hear,individual,president,among.,—,shocking,claims,mind,control,surface,internet.",FAKE
R212,New Report on Education,"speak,deep,key.,family,policy,customer.,time,truth,contain,authority,raise,lose.,experts,discuss,ongoing,developments,education.",REAL
F119,Mind Control Confirmed by Sources,"color,guess,mention,third,campaign,foreign.,thing,month,wonder,college,black,up.,role,increase,born,allow,identify,point.,—,shocking,claims,mind,control,surface,internet.",FAKE
F103,Hoax Confirmed by Sources,"almost,positive,meeting,popular,impact,material,on.,area,maybe,create,response,thus,guess,if.,subject,figure,painting,military.,—,shocking,claims,hoax,surface,internet.",FAKE
F191,Mind Control Confirmed by Sources,"place,enough,adult,discover,entire,industry,best.,day,difficult,available,carry,decade,data.,—,shocking,claims,mind,control,surface,internet.",FAKE
F002,Mind Control Confirmed by Sources,"contain,choice,concern.,—,shocking,claims,mind,control,surface,internet.",FAKE
R155,New Report on Election,"future,about.,already,parent,yard,statement,home.,success,thank,maintain,situation.,experts,discuss,ongoing,developments,election.",REAL
R006,New Report on Technology Breakthrough,"way,church,put,others,determine,exist,about.,adult,less,camera,both.,experts,discuss,ongoing,developments,technology,breakthrough.",REAL
F086,Government Cover-Up Confirmed by Sources,"occur,program,never,give,case,business.,power,service,fall,information,establish,smile,generation.,budget,child,much,wear,question,show,why.,—,shocking,claims,government,cover-up,surface,internet.",FAKE
R168,New Report on Election,"part,evidence,side.,since,difficult,political,carry,surface,must,look.,bag,dinner,woman,manage,item.,experts,discuss,ongoing,developments,election.",REAL
R077,New Report on Public Health,"cover,degree,teach,management.,issue,school,generation,develop.,late,language,along,force.,experts,discuss,ongoing,developments,public,health.",REAL
F209,Hoax Confirmed by Sources,"center,standard,type,board.,hard,total,answer,apply.,—,shocking,claims,hoax,surface,internet.",FAKE
R236,New Report on Public Health,"office,wrong,similar.,lot,part,rich,wide,senior.,fill,impact,finish,seem,face,remember.,experts,discuss,ongoing,developments,public,health.",REAL
F186,Aliens Confirmed by Sources,"ahead,process,entire,place.,—,shocking,claims,aliens,surface,internet.",FAKE
R243,New Report on Public Health,"organization,final,ago,everything.,experts,discuss,ongoing,developments,public,health.",REAL
F094,Immortal Jellyfish Confirmed by Sources,"yet,conference,entire,record,miss,east.,third,true,charge,student,something.,treat,forget,black.,population,american,hear,million.,—,shocking,claims,immortal,jellyfish,surface,internet.",FAKE
R032,New Report on Economic Growth,"set,explain,statement,new,may,thing.,experts,discuss,ongoing,developments,economic,growth.",REAL
R033,New Report on Education,"old,move,development,sense,near,eight.,play,instead,man,share.,experts,discuss,ongoing,developments,education.",REAL
R045,New Report on Technology Breakthrough,"letter,style,sister.,program,congress,democrat,throw,season,after.,experts,discuss,ongoing,developments,technology,breakthrough.",REAL
R116,New Report on Education,"order,reach,personal,color,trouble,southern.,drug,everything,probably,draw.,less,kind,research,throughout,west,theory.,experts,discuss,ongoing,developments,education.",REAL
F056,Celebrity Scandal Confirmed by Sources,"land,course,his.,somebody,difference,different,boy.,—,shocking,claims,celebrity,scandal,surface,internet.",FAKE
R043,New Report on Policy,"statement,money,knowledge,paper.,record,without,bag,result,today,ask,right.,allow,individual,partner,eat,with.,experts,discuss,ongoing,developments,policy.",REAL
R145,New Report on Economic Growth,"north,artist,site,perhaps,police,response,main.,experts,discuss,ongoing,developments,economic,growth.",REAL
F200,Secret Cure Confirmed by Sources,"drop,main,lawyer,lead.,—,shocking,claims,secret,cure,surface,internet.",FAKE
F034,Celebrity Scandal Confirmed by Sources,"page,century,year,wind.,building,laugh,let,avoid,can.,—,shocking,claims,celebrity,scandal,surface,internet.",FAKE
F149,Secret Cure Confirmed by Sources,"base,herself.,economic,future,way,family.,cover,condition,lawyer,significant,audience.,—,shocking,claims,secret,cure,surface,internet.",FAKE
F051,Secret Cure Confirmed by Sources,"hundred,bar,president,increase.,recently,institution,leg,off.,seven,responsibility,final,commercial.,—,shocking,claims,secret,cure,surface,internet.",FAKE
F089,Flat Earth Confirmed by Sources,"treatment,section,bit,day.,feeling,officer,candidate.,wonder,inside,result,region.,—,shocking,claims,flat,earth,surface,internet.",FAKE
F135,Flat Earth Confirmed by Sources,"role,executive,act,radio,also.,occur,rich,modern,anything,yard.,lawyer,exactly,world,budget,finish,idea,mean.,—,shocking,claims,flat,earth,surface,internet.",FAKE
F088,Government Cover-Up Confirmed by Sources,"student,nearly,art,benefit.,yet,sport,certain,event.,single,training,card,forward,exist.,—,shocking,claims,government,cover-up,surface,internet.",FAKE
R010,New Report on Election,"help,total,general.,one,mrs,new,force,husband,sing,general.,experts,discuss,ongoing,developments,election.",REAL
R211,New Report on Policy,"effect,space,top.,tree,stand,fear,west,true,half.,experts,discuss,ongoing,developments,policy.",REAL
F204,Miracle Drug Confirmed by Sources,"hospital,performance,forget,across,cut.,eight,step,local.,fact,half,film,perform,clearly,travel,happy,less.,—,shocking,claims,miracle,drug,surface,internet.",FAKE
F168,Miracle Drug Confirmed by Sources,"well,deep,either,state,right,imagine,small,weight.,—,shocking,claims,miracle,drug,surface,internet.",FAKE
R011,New Report on Public Health,"edge,indeed,fear,policy,help,claim,research.,experts,discuss,ongoing,developments,public,health.",REAL
R232,New Report on Climate Change,"represent,fill,oil,left,someone.,experts,discuss,ongoing,developments,climate,change.",REAL
R042,New Report on Public Health,"drug,tv,expert,employee,message,reason.,experts,discuss,ongoing,developments,public,health.",REAL
F182,Hoax Confirmed by Sources,"response,list,go,meeting,back,story.,walk,four,enjoy,sport,make,music,head,fish.,citizen,magazine,art,sound,soon.,—,shocking,claims,hoax,surface,internet.",FAKE
F036,Miracle Drug Confirmed by Sources,"citizen,clearly,may,born.,box,last,tough,statement.,huge,program,commercial,table,even.,true,hand,share,fill,person.,—,shocking,claims,miracle,drug,surface,internet.",FAKE
F068,Secret Cure Confirmed by Sources,"visit,range,enter.,firm,bed,scene,join,environment,industry,senior,discover.,—,shocking,claims,secret,cure,surface,internet.",FAKE
R015,New Report on Election,"data,billion,husband,throughout,call,mission,interview.,experts,discuss,ongoing,developments,election.",REAL
R147,New Report on Climate Change,"couple,program,begin,item,reach.,number,open,remember,key,whatever,high,certain.,experts,discuss,ongoing,developments,climate,change.",REAL
F198,Government Cover-Up Confirmed by Sources,"growth,follow,prove.,decision,herself.,—,shocking,claims,government,cover-up,surface,internet.",FAKE
R081,New Report on Climate Change,"last,environment,hundred,truth.,bring,although,media,really.,experts,discuss,ongoing,developments,climate,change.",REAL
F050,Aliens Confirmed by Sources,"ten,somebody,word.,view,strategy,action,ever,choose,never,she.,—,shocking,claims,aliens,surface,internet.",FAKE
F162,Celebrity Scandal Confirmed by Sources,"week,final,option,true,but.,reduce,kind,describe,number.,—,shocking,claims,celebrity,scandal,surface,internet.",FAKE
R028,New Report on Technology Breakthrough,"hundred,manager,kitchen,say,beautiful.,system,national,father,rule,market.,experts,discuss,ongoing,developments,technology,breakthrough.",REAL
R195,New Report on Budget Report,"series,pull,there.,growth,different,section,forget,thing,sometimes,staff,themselves.,smile,color,find,exist,gas,network.,experts,discuss,ongoing,developments,budget,report.",REAL
F116,Aliens Confirmed by Sources,"truth,sure,month.,tonight,man,quality,son,think,bar.,speak,adult,turn,north.,—,shocking,claims,aliens,surface,internet.",FAKE
R018,New Report on Research,"data,option,soon,production.,reduce,building,allow,set.,picture,difficult,discussion,glass,card.,experts,discuss,ongoing,developments,research.",REAL
F073,Immortal Jellyfish Confirmed by Sources,"mission,stop,probably,go,attorney,computer,staff,economic.,rich,environmental,form,democratic,special,see,whose.,establish,sing,employee.,bar,black,past,close,throw,of.,—,shocking,claims,immortal,jellyfish,surface,internet.",FAKE
F059,Miracle Drug Confirmed by Sources,"law,message,movement,decide,beyond,rock.,officer,officer,mrs,start,must.,apply,head,hard,across,see,middle,sell.,—,shocking,claims,miracle,drug,surface,internet.",FAKE
R078,New Report on Budget Report,"despite,open,resource.,work,interest,price,support,career.,item,left,smile,eye,might.,experts,discuss,ongoing,developments,budget,report.",REAL
F216,Secret Cure Confirmed by Sources,"politics,product,town,garden,research.,sport,watch,strong,around.,range,full,issue,ground.,—,shocking,claims,secret,cure,surface,internet.",FAKE
F206,Celebrity Scandal Confirmed by Sources,"gas,listen,wrong,hold,later.,later,friend,study,ten.,station,idea,serve,use,indeed,best.,—,shocking,claims,celebrity,scandal,surface,internet.",FAKE
R036,New Report on Research,"sort,future,exactly,hospital,leg.,attention,skin,question,enter,finish.,rock,stage,ask,goal,environment,law,offer.,experts,discuss,ongoing,developments,research.",REAL
F104,Aliens Confirmed by Sources,"policy,beyond,wife,fact.,raise,image,agency,increase,seek.,—,shocking,claims,aliens,surface,internet.",FAKE
F000,Hoax Confirmed by Sources,"something,official,fund,concern,marriage,crime.,organization,new,write,base,today,various.,lawyer,drive,fine.,—,shocking,claims,hoax,surface,internet.",FAKE
R136,New Report on Education,"former,according,everybody,small,guy,live,test.,development,news,policy,agency,how.,thing,strategy,small,lawyer.,experts,discuss,ongoing,developments,education.",REAL
F019,Immortal Jellyfish Confirmed by Sources,"need,everybody,leg,help.,scientist,leg,send,daughter,listen,great.,nearly,outside,population,life,painting,time,where.,—,shocking,claims,immortal,jellyfish,surface,internet.",FAKE
R012,New Report on Technology Breakthrough,"leader,analysis.,experts,discuss,ongoing,developments,technology,breakthrough.",REAL
R052,New Report on Education,"room,approach,pull,itself.,right,always,officer,far,easy,stage.,wish,tree,remember,discover,simply,challenge.,experts,discuss,ongoing,developments,education.",REAL
R123,New Report on Climate Change,"form,hundred,crime,approach,vote,education,human,world.,color,answer,forward,evidence,coach.,experts,discuss,ongoing,developments,climate,change.",REAL
F040,Government Cover-Up Confirmed by Sources,"community,term,card,without.,sort,enough,first,whether.,—,shocking,claims,government,cover-up,surface,internet.",FAKE
R160,New Report on Climate Change,"three,product,around,fact,same.,guess,serious,young,occur.,somebody,record,first.,experts,discuss,ongoing,developments,climate,change.",REAL
F067,Immortal Jellyfish Confirmed by Sources,"region,present,newspaper,idea,thousand,our.,major,air,collection,popular,young.,design,behind,gun,knowledge,oil.,—,shocking,claims,immortal,jellyfish,surface,internet.",FAKE
R069,New Report on Research,"money,system,authority,remember.,enter,third,wife,affect,measure,establish.,experts,discuss,ongoing,developments,research.",REAL
F160,Mind Control Confirmed by Sources,"test,various,build,none.,together,affect,blood,international,away.,quickly,somebody,camera,evidence,sport,much.,—,shocking,claims,mind,control,surface,internet.",FAKE
F053,Hoax Confirmed by Sources,"offer,hair,get,training,arrive,organization,candidate.,training,year,guy,already,family,drive,attack.,—,shocking,claims,hoax,surface,internet.",FAKE
R074,New Report on Education,"everything,television,idea,guess,fight.,soldier,develop,break.,option,democrat,growth,everyone,word.,able,dinner,you.,experts,discuss,ongoing,developments,education.",REAL
R007,New Report on Election,"loss,two,wide,game.,next,future,check,cup,reflect,girl,someone.,baby,finally,doctor.,experts,discuss,ongoing,developments,election.",REAL
R119,New Report on Climate Change,"media,quality,effort,pull.,however,outside,claim,great,administration.,remember,movement,health.,experts,discuss,ongoing,developments,climate,change.",REAL
R087,New Report on Budget Report,"goal,machine,design,board,standard.,entire,enough,executive,establish,follow.,experts,discuss,ongoing,developments,budget,report.",REAL
F145,Miracle Drug Confirmed by Sources,"yes,focus.,program,defense,sure,kid,prepare.,student,agency,the.,—,shocking,claims,miracle,drug,surface,internet.",FAKE
R065,New Report on Budget Report,"challenge,close,economy.,actually,people,food,close.,experts,discuss,ongoing,developments,budget,report.",REAL
R208,New Report on Budget Report,"wrong,way,federal,available,stop,sell.,data,four,piece,line,animal,create,trip.,benefit,today,score,night,power,box,vote.,experts,discuss,ongoing,developments,budget,report.",REAL
R048,New Report on Budget Report,"employee,campaign,hand,cultural,property.,five,right,prevent,clear.,experts,discuss,ongoing,developments,budget,report.",REAL
F076,Aliens Confirmed by Sources,"commercial,opportunity,outside,someone,whose,indeed.,seven,administration,sign,wish,subject,week.,smile,husband,know,animal,according.,—,shocking,claims,aliens,surface,internet.",FAKE
R019,New Report on Policy,"show,training,campaign,late,today,stage.,feel,sit,happy,leg,since,work.,experts,discuss,ongoing,developments,policy.",REAL
F115,Immortal Jellyfish Confirmed by Sources,"prepare,say,approach.,enough,spring,nearly,spend,task,bit.,mean,exactly,price,model,effect.,—,shocking,claims,immortal,jellyfish,surface,internet.",FAKE
R031,New Report on Education,"provide,available,nation,local,budget.,economy,speak,soldier,war.,experts,discuss,ongoing,developments,education.",REAL
R190,New Report on Research,"ten,example,represent,factor,cell.,man,resource,expect,relate,hundred,effort.,experts,discuss,ongoing,developments,research.",REAL
F057,Mind Control Confirmed by Sources,"head,agency,list,total.,three,speech,machine.,center,reality,clearly,effect,art,response.,—,shocking,claims,mind,control,surface,internet.",FAKE
F158,Immortal Jellyfish Confirmed by Sources,"knowledge,health,ten,type,believe.,save,long,either,say.,—,shocking,claims,immortal,jellyfish,surface,internet.",FAKE
F234,Flat Earth Confirmed by Sources,"today,series.,language,course,learn,fast,sign,range.,—,shocking,claims,flat,earth,surface,internet.",FAKE
F155,Flat Earth Confirmed by Sources,"democrat,protect,performance,quickly,street,project,develop.,purpose,style,manage,enough.,cause,wish,toward.,remember,task,expert,perhaps,program,right,almost.,—,shocking,claims,flat,earth,surface,internet.",FAKE
F106,Flat Earth Confirmed by Sources,"ahead,stage,arrive,seem,allow,true,per.,course,sound,draw,remain,sound,fill.,turn,benefit,market,material,american,pattern,unit.,—,shocking,claims,flat,earth,surface,internet.",FAKE
R051,New Report on Policy,"eat,training,tree,expert,actually,weight.,information,way,measure,officer,foreign.,forward,forget,social,single,yard.,experts,discuss,ongoing,developments,policy.",REAL
R203,New Report on Education,"experience,ok,race,cell,identify.,seat,information,throw,travel,movie,movement.,surface,without,scientist,someone,kid,meeting.,experts,discuss,ongoing,developments,education.",REAL
F063,Secret Cure Confirmed by Sources,"audience,democrat,high,finish,happy,receive.,miss,form,almost,have.,—,shocking,claims,secret,cure,surface,internet.",FAKE
R080,New Report on Policy,"air,three,author,develop,cause,step.,food,director,throughout,stand,artist.,mean,course,control,check.,experts,discuss,ongoing,developments,policy.",REAL
R226,New Report on Public Health,"economic,certain,three,dark,paper,front.,foot,wish,open,despite,single,condition.,buy,image,hit,certainly,own.,experts,discuss,ongoing,developments,public,health.",REAL
F144,Hoax Confirmed by Sources,"campaign,word,side,site,wrong.,finally,similar,break,food.,—,shocking,claims,hoax,surface,internet.",FAKE
F241,Flat Earth Confirmed by Sources,"specific,debate,history,also.,age,dinner,society,material.,together,sport,item,college,task,make,recognize.,—,shocking,claims,flat,earth,surface,internet.",FAKE
R150,New Report on Election,"guy,range,mention,music,say,perhaps,reflect.,sing,without,couple,part,cause,wrong.,media,bring,little,technology,news,less,education.,experts,discuss,ongoing,developments,election.",REAL
R153,New Report on Research,"laugh,expert,quickly.,fill,feel,rate,medical,letter,relate,range.,experts,discuss,ongoing,developments,research.",REAL
F175,Hoax Confirmed by Sources,"develop,level,cultural,total,trouble,plant.,much,put,day.,—,shocking,claims,hoax,surface,internet.",FAKE
F161,Immortal Jellyfish Confirmed by Sources,"lose,west,series,mission,start.,turn,bad,draw,administration,assume,prepare,doctor.,rule,including,though,serious,nor.,—,shocking,claims,immortal,jellyfish,surface,internet.",FAKE
F147,Secret Cure Confirmed by Sources,"point,page,ten,east,say,involve,visit.,try,bed,book,add,arrive,appear,tonight.,—,shocking,claims,secret,cure,surface,internet.",FAKE
F018,Secret Cure Confirmed by Sources,"minute,walk,goal,special,sure,beyond.,hand,whole,type,focus,impact.,hit,create,dog,know,treat,realize,year.,—,shocking,claims,secret,cure,surface,internet.",FAKE
F211,Celebrity Scandal Confirmed by Sources,"use,late,treat,class.,view,serve,job,social,participant.,—,shocking,claims,celebrity,scandal,surface,internet.",FAKE
R117,New Report on Research,"sport,reflect,draw,subject,necessary,kitchen.,traditional,alone,school,news.,effect,according,star,foreign,begin,executive.,experts,discuss,ongoing,developments,research.",REAL
F016,Aliens Confirmed by Sources,"seek,treatment,law,civil.,model,pay,week,democratic,social.,—,shocking,claims,aliens,surface,internet.",FAKE
F029,Flat Earth Confirmed by Sources,"thousand,eat,trip,hot,perform.,world,cost,option,economic.,—,shocking,claims,flat,earth,surface,internet.",FAKE
F205,Celebrity Scandal Confirmed by Sources,"mention,central.,cause,war,factor,newspaper,school,already.,—,shocking,claims,celebrity,scandal,surface,internet.",FAKE
R112,New Report on Economic Growth,"cold,model,eye.,campaign,girl,fall.,experts,discuss,ongoing,developments,economic,growth.",REAL
F218,Government Cover-Up Confirmed by Sources,"radio,third,policy,nature,group,somebody,pm.,go,teacher,cup.,kitchen,even,music,cut.,pass,assume,evening,apply,message,radio.,—,shocking,claims,government,cover-up,surface,internet.",FAKE
R187,New Report on Education,"heart,fall,watch,rock,economic.,course,go,drug,risk.,experts,discuss,ongoing,developments,education.",REAL
F087,Celebrity Scandal Confirmed by Sources,"federal,arrive,daughter,star,marriage.,identify,friend,game,response,information,floor,put.,—,shocking,claims,celebrity,scandal,surface,internet.",FAKE
R171,New Report on Education,"effort,generation,trade.,point,wind,though,prepare,huge,myself.,road,director,arm,event,rather.,experts,discuss,ongoing,developments,education.",REAL
R113,New Report on Technology Breakthrough,"wish,system,happen,investment,participant.,experts,discuss,ongoing,developments,technology,breakthrough.",REAL
R222,New Report on Public Health,"individual,knowledge,economic,contain.,lead,fish,establish,recognize,billion,artist,police.,experts,discuss,ongoing,developments,public,health.",REAL
F233,Secret Cure Confirmed by Sources,"cover,research,father,traditional,democratic,lawyer.,along,reach,tell,reflect,modern.,—,shocking,claims,secret,cure,surface,internet.",FAKE
R223,New Report on Climate Change,"might,avoid,late,congress,ago,upon.,family,state,evening,experience,senior,forward,hotel.,south,must,represent,bag,only.,experts,discuss,ongoing,developments,climate,change.",REAL
F224,Secret Cure Confirmed by Sources,"relationship,film,return,take.,protect,system,group.,—,shocking,claims,secret,cure,surface,internet.",FAKE
R181,New Report on Climate Change,"year,various,never,win,religious.,west,itself.,return,note,scientist,high,leg.,experts,discuss,ongoing,developments,climate,change.",REAL
R056,New Report on Public Health,"computer,bed,improve,someone.,let,must,five.,per,instead,together,role.,baby,sing,lawyer,apply,game,single.,experts,discuss,ongoing,developments,public,health.",REAL
R110,New Report on Education,"push,finish,head,range,degree.,attention,suggest,seat.,experts,discuss,ongoing,developments,education.",REAL
R219,New Report on Education,"team,never,site,usually,say.,purpose,seven,project,actually,argue,outside.,decide,quite,show,throughout,class,employee,account.,experts,discuss,ongoing,developments,education.",REAL
R224,New Report on Education,"people,simply,interview,affect,choose,shake.,reach,amount,management,along.,experts,discuss,ongoing,developments,education.",REAL
F178,Immortal Jellyfish Confirmed by Sources,"almost,statement,public,huge,certain,teach,nor.,bar,five,area,one,cost,development.,bank,still,least,cut.,—,shocking,claims,immortal,jellyfish,surface,internet.",FAKE
F074,Secret Cure Confirmed by Sources,"capital,join,action,dog,hold,expect,mean.,—,shocking,claims,secret,cure,surface,internet.",FAKE
R034,New Report on Budget Report,"soldier,walk,work,section,main,save,evening.,site,husband,sign,night.,leave,wife,audience,reason.,experts,discuss,ongoing,developments,budget,report.",REAL
R095,New Report on Policy,"none,art,career,bed,card,scientist,must.,billion,kind,somebody,organization,conference.,experts,discuss,ongoing,developments,policy.",REAL
F011,Aliens Confirmed by Sources,"force,leave,charge,black,take.,successful,rule,unit,matter.,catch,film,amount,wish.,—,shocking,claims,aliens,surface,internet.",FAKE
R162,New Report on Policy,"area,system,man,draw,by.,ahead,mind,standard.,experts,discuss,ongoing,developments,policy.",REAL
R218,New Report on Election,"movement,list,father,skin,perhaps,teach,peace.,perhaps,scientist,night,right,foot,personal,during.,field,poor,season,much,reveal.,experts,discuss,ongoing,developments,election.",REAL
F136,Miracle Drug Confirmed by Sources,"analysis,tv,condition,technology,section.,serve,soldier,later,play,certain,nation.,dark,receive,career,rather,first.,option,outside,involve,sort,letter,free.,—,shocking,claims,miracle,drug,surface,internet.",FAKE
R108,New Report on Economic Growth,"must,true,adult,wind,television.,small,box,amount,board,staff,wait.,beyond,use,difference,everyone,want,toward.,experts,discuss,ongoing,developments,economic,growth.",REAL
R186,New Report on Research,"necessary,pattern,show,source,pressure,allow,worker.,experts,discuss,ongoing,developments,research.",REAL
R248,New Report on Technology Breakthrough,"wife,product,wrong,voice,city,product,prove,view.,growth,almost,condition,everything,college,either,above.,experts,discuss,ongoing,developments,technology,breakthrough.",REAL
F045,Immortal Jellyfish Confirmed by Sources,"film,group,draw,remember.,character,suddenly,enjoy.,race,yeah,painting,least,interest,low,eight.,us,let,worker,series,really,behind,agreement.,—,shocking,claims,immortal,jellyfish,surface,internet.",FAKE
F092,Secret Cure Confirmed by Sources,"form,change,none,short.,human,travel,policy,popular.,—,shocking,claims,secret,cure,surface,internet.",FAKE
R100,New Report on Technology Breakthrough,"movement,federal,pattern,suffer,despite.,social,although,number,record,lawyer.,assume,set,free,training,process,boy.,experts,discuss,ongoing,developments,technology,breakthrough.",REAL
F075,Miracle Drug Confirmed by Sources,"value,structure,gun.,every,plan,either,soon.,—,shocking,claims,miracle,drug,surface,internet.",FAKE
R059,New Report on Technology Breakthrough,"summer,coach,customer,class.,reason,get,trial,positive.,experts,discuss,ongoing,developments,technology,breakthrough.",REAL
F213,Hoax Confirmed by Sources,"usually,ever,research,consumer.,—,shocking,claims,hoax,surface,internet.",FAKE
R233,New Report on Education,"grow,unit,born.,machine,discover,among,second,memory,republican.,experts,discuss,ongoing,developments,education.",REAL
F072,Mind Control Confirmed by Sources,"official,modern,accept,reality.,within,medical,century,major,whose,myself.,—,shocking,claims,mind,control,surface,internet.",FAKE
R184,New Report on Budget Report,"friend,deep,reality,let,national.,natural,site,different,successful,behind,woman.,find,many,brother.,market,less,reduce,career,true.,experts,discuss,ongoing,developments,budget,report.",REAL
F134,Secret Cure Confirmed by Sources,"natural,suggest,month,law,second,night,eye,draw.,trip,house,area,system,year,capital,wall.,party,religious,hope,myself.,—,shocking,claims,secret,cure,surface,internet.",FAKE
R096,New Report on Research,"fall,partner,around,near,bank.,red,effort,turn,gun,seven,safe,employee.,husband,long,many,serious.,experts,discuss,ongoing,developments,research.",REAL
R020,New Report on Policy,"wait,finish,skin,reveal,learn,decide,kind.,piece,job,toward,also.,experts,discuss,ongoing,developments,policy.",REAL
R067,New Report on Policy,"want,power,policy,student,think,according,total.,collection,ready,fine,hospital.,appear,yet,point,bring,find.,experts,discuss,ongoing,developments,policy.",REAL
R215,New Report on Education,"computer,budget,live,response,simply,red.,leave,game,head,life,analysis.,difference,president,beat,almost,nature,first,wonder.,experts,discuss,ongoing,developments,education.",REAL
R127,New Report on Policy,"nearly,pass,trial,particular,participant,along,today.,everyone,raise,unit,machine,reason,page,moment.,race,film,thus.,experts,discuss,ongoing,developments,policy.",REAL
R235,New Report on Technology Breakthrough,"real,great,beyond,address,break,note,base.,news,rest,last,give,detail,poor,pass.,page,style,important,window.,foreign,action,law,appear,student,cover,organization.,experts,discuss,ongoing,developments,technology,breakthrough.",REAL
R163,New Report on Climate Change,"gun,dream,per.,provide,way,law,letter,knowledge.,decide,section,media,laugh,nation,do.,experts,discuss,ongoing,developments,climate,change.",REAL
R002,New Report on Education,"game,term,speak,anyone,mouth.,really,accept,street,program,know.,course,property,material,issue,century.,experts,discuss,ongoing,developments,education.",REAL
R021,New Report on Education,"group,probably,base,middle.,type,employee,floor.,area,direction,responsibility,hard,history,recognize,win,account.,experts,discuss,ongoing,developments,education.",REAL
R013,New Report on Technology Breakthrough,"line,official,increase,city,task,factor.,recognize,stay,represent,effort,culture.,house,play.,bring,myself.,experts,discuss,ongoing,developments,technology,breakthrough.",REAL
F195,Flat Earth Confirmed by Sources,"scene,four,decade,second,analysis,to.,—,shocking,claims,flat,earth,surface,internet.",FAKE
R101,New Report on Research,"suffer,natural,study,huge,fund.,experts,discuss,ongoing,developments,research.",REAL
R055,New Report on Research,"figure,huge,success,hotel.,age,sense,son.,choose,trip,politics,prove,consumer.,experts,discuss,ongoing,developments,research.",REAL
F190,Secret Cure Confirmed by Sources,"right,president,building.,kid,line,wrong,skill.,meeting,month,huge,hospital,real.,—,shocking,claims,secret,cure,surface,internet.",FAKE
R004,New Report on Education,"single,enjoy,heavy,serve,condition,market.,plan,establish,drop,nothing.,experts,discuss,ongoing,developments,education.",REAL
F080,Celebrity Scandal Confirmed by Sources,"ask,budget,green.,letter,great,despite,accept.,also,affect,husband,safe,owner,wall.,—,shocking,claims,celebrity,scandal,surface,internet.",FAKE
F049,Hoax Confirmed by Sources,"rich,choice,black,body,cut.,college,computer,challenge,exactly.,—,shocking,claims,hoax,surface,internet.",FAKE
F184,Secret Cure Confirmed by Sources,"rich,last,radio,nice,fill,away,part.,—,shocking,claims,secret,cure,surface,internet.",FAKE
F030,Secret Cure Confirmed by Sources,"team,week,thus.,remain,work,something.,method,resource,name.,—,shocking,claims,secret,cure,surface,internet.",FAKE
R213,New Report on Budget Report,"pay,north,choose,yard,recognize,leg.,step,eight,likely,call,pm,relate.,eat,skill,important,figure,scientist.,experts,discuss,ongoing,developments,budget,report.",REAL
F128,Immortal Jellyfish Confirmed by Sources,"fund,investment.,resource,big,put,population,material,lose.,election,police,personal,myself.,—,shocking,claims,immortal,jellyfish,surface,internet.",FAKE
R231,New Report on Policy,"guy,successful,find,various,college,student,people.,road,model,usually,church.,experts,discuss,ongoing,developments,policy.",REAL
R061,New Report on Technology Breakthrough,"business,common,college,that.,outside,clear,trade,maintain,author.,pull,wonder,pull.,experts,discuss,ongoing,developments,technology,breakthrough.",REAL
R137,New Report on Education,"camera,say,collection,raise,girl.,enter,everything,model,hair,among,town.,risk,already,adult,first.,experts,discuss,ongoing,developments,education.",REAL
R185,New Report on Technology Breakthrough,"culture,weight,action,laugh,walk,sometimes.,specific,author,crime,young.,memory,current,hit.,experts,discuss,ongoing,developments,technology,breakthrough.",REAL
R204,New Report on Technology Breakthrough,"process,benefit,central,air,increase,work,economy.,experts,discuss,ongoing,developments,technology,breakthrough.",REAL
F217,Immortal Jellyfish Confirmed by Sources,"forget,cost,difficult,phone,change.,fund,ability,church.,—,shocking,claims,immortal,jellyfish,surface,internet.",FAKE
F176,Miracle Drug Confirmed by Sources,"camera,country,arm,rich,discussion.,election,read,matter,guess,financial,attention,finally.,—,shocking,claims,miracle,drug,surface,internet.",FAKE
R245,New Report on Technology Breakthrough,"line,grow,popular,word,candidate.,black,high,cost,stop.,business,anything,likely.,experts,discuss,ongoing,developments,technology,breakthrough.",REAL
R104,New Report on Election,"despite,recently,house,need,add,top.,experts,discuss,ongoing,developments,election.",REAL
F156,Flat Earth Confirmed by Sources,"space,increase,interesting,hour.,—,shocking,claims,flat,earth,surface,internet.",FAKE
R194,New Report on Election,"simply,determine,rule.,decision,machine,heavy,size,quality.,camera,dream,truth,practice.,experts,discuss,ongoing,developments,election.",REAL
R161,New Report on Technology Breakthrough,"expert,house,song,surface,team.,understand,brother,energy.,experts,discuss,ongoing,developments,technology,breakthrough.",REAL
F113,Immortal Jellyfish Confirmed by Sources,"summer,offer,several,political,practice,lead,determine.,—,shocking,claims,immortal,jellyfish,surface,internet.",FAKE
F150,Hoax Confirmed by Sources,"staff,cost,wind,own.,cell,security,half,goal,thing,factor,four.,sign,past,pick,also.,see,majority,push,drive,try,room,lot,cold.,—,shocking,claims,hoax,surface,internet.",FAKE
F047,Miracle Drug Confirmed by Sources,"bill,resource,party,yes,allow,up.,anything,statement,stand,think.,—,shocking,claims,miracle,drug,surface,internet.",FAKE
F008,Hoax Confirmed by Sources,"food,respond.,meet,military,money,apply,me.,—,shocking,claims,hoax,surface,internet.",FAKE
F229,Aliens Confirmed by Sources,"rise,reveal,course,reason.,choose,director,let,page,that.,—,shocking,claims,aliens,surface,internet.",FAKE
R001,New Report on Research,"boy,raise,guess.,third,describe,summer,leave.,experts,discuss,ongoing,developments,research.",REAL
R241,New Report on Public Health,"pick,open,face,leg,figure,everything,information.,go,role,whether,particularly.,experts,discuss,ongoing,developments,public,health.",REAL
R198,New Report on Climate Change,"someone,learn,identify,back,feel,charge.,close,least,instead,specific,commercial.,experts,discuss,ongoing,developments,climate,change.",REAL
R229,New Report on Research,"whole,difference,bring,people.,forward,letter,worry,particular,share,dog.,yard,ready.,charge,early,book.,experts,discuss,ongoing,developments,research.",REAL
R205,New Report on Public Health,"image,prove,effect,less,always,result,ball.,boy,stage,seem.,experts,discuss,ongoing,developments,public,health.",REAL
F123,Celebrity Scandal Confirmed by Sources,"dream,question,really,remember,series,through.,officer,course,enter,foot.,—,shocking,claims,celebrity,scandal,surface,internet.",FAKE
F043,Celebrity Scandal Confirmed by Sources,"song,pm,body,both.,nearly,ever,event.,free,option,almost,traditional,follow.,—,shocking,claims,celebrity,scandal,surface,internet.",FAKE
F097,Celebrity Scandal Confirmed by Sources,"catch,clearly,area,skin.,view,good,religious,street.,almost,article,investment,free,direction,treat.,—,shocking,claims,celebrity,scandal,surface,internet.",FAKE
R014,New Report on Research,"operation,fine,activity,true,evidence,financial.,game,key,painting,son.,experts,discuss,ongoing,developments,research.",REAL
F005,Flat Earth Confirmed by Sources,"focus,similar,parent,side,provide,rather.,father,skin,look,ten,go.,—,shocking,claims,flat,earth,surface,internet.",FAKE
R234,New Report on Research,"prevent,experience,model,space,business.,term,stay,set,put,north,such.,experts,discuss,ongoing,developments,research.",REAL
F143,Aliens Confirmed by Sources,"ready,knowledge,oil,court,feeling.,stop,development,place,compare.,number,education.,—,shocking,claims,aliens,surface,internet.",FAKE
R073,New Report on Economic Growth,"network,book,use,increase,thousand,news,speak,be.,like,base,population,car,difficult.,experts,discuss,ongoing,developments,economic,growth.",REAL
R239,New Report on Education,"central,sense,heart,continue.,discussion,turn,cell,officer.,experts,discuss,ongoing,developments,education.",REAL
F181,Aliens Confirmed by Sources,"stop,decade,buy,outside.,visit,one,final,decide,middle,issue,step.,something,economic,difficult,by.,—,shocking,claims,aliens,surface,internet.",FAKE
R138,New Report on Election,"true,society,security,general,instead.,suggest,require,amount,enter,light,occur.,experts,discuss,ongoing,developments,election.",REAL
R172,New Report on Economic Growth,"skin,likely,memory,successful,environmental.,experts,discuss,ongoing,developments,economic,growth.",REAL
R143,New Report on Policy,"ready,interesting,teacher,receive,within,other.,share,color.,strong.,experts,discuss,ongoing,developments,policy.",REAL
F166,Mind Control Confirmed by Sources,"around,recently,person,tv.,believe,might,member,wind,simply.,—,shocking,claims,mind,control,surface,internet.",FAKE
R003,New Report on Budget Report,"kind,simply,degree.,tax,second,sort,drug.,certainly,couple,represent,citizen,natural,education,analysis.,experts,discuss,ongoing,developments,budget,report.",REAL
R167,New Report on Climate Change,"chair,ball,beyond,brother,nothing,drive.,billion,reason,among,throughout,happy,education,speech.,learn,garden,thousand,camera,recognize,boy.,experts,discuss,ongoing,developments,climate,change.",REAL
R183,New Report on Climate Change,"collection,thousand,participant,front,last,anything,strategy.,represent.,strategy,born,people,race,beat,kitchen,defense,plant.,experts,discuss,ongoing,developments,climate,change.",REAL
R238,New Report on Technology Breakthrough,"stay,organization,eat,upon,forward.,may,pull,participant,political.,hospital,bill,mention.,experts,discuss,ongoing,developments,technology,breakthrough.",REAL
R041,New Report on Election,"form,professional,eye.,experts,discuss,ongoing,developments,election.",REAL
F237,Government Cover-Up Confirmed by Sources,"doctor,toward,school,move,black,education,design.,agreement,police,area,officer,possible,wide,call.,memory,lose,take,bring,fall,let.,—,shocking,claims,government,cover-up,surface,internet.",FAKE
R086,New Report on Research,"rich,choose,remain.,everybody,weight,forget,paper,stay,put.,positive,beautiful,last,source.,experts,discuss,ongoing,developments,research.",REAL
R240,New Report on Policy,"agency,nation,artist,suddenly,avoid,despite.,administration,analysis,win.,treatment,feel,task,prove,local.,specific,occur,opportunity,fly,significant,rise,go.,experts,discuss,ongoing,developments,policy.",REAL
R133,New Report on Public Health,"hard,back,good,face.,machine,bad,upon,lot,claim,already,both.,experts,discuss,ongoing,developments,public,health.",REAL
F044,Hoax Confirmed by Sources,"social,election,style,discover,item,soldier,expect.,summer,add,near,husband,five,material,current.,—,shocking,claims,hoax,surface,internet.",FAKE
F125,Government Cover-Up Confirmed by Sources,"position,improve,away,level,amount.,coach,amount,skill,industry,piece.,four,value,home,along.,—,shocking,claims,government,cover-up,surface,internet.",FAKE
F165,Secret Cure Confirmed by Sources,"exactly,prevent,produce,expert,most.,probably,usually,whose,health,often.,—,shocking,claims,secret,cure,surface,internet.",FAKE
F137,Flat Earth Confirmed by Sources,"behind,maintain,difficult,may,anything,something,leader.,card,walk,thousand,good,put,also,enough.,prepare,fear,create.,—,shocking,claims,flat,earth,surface,internet.",FAKE
R088,New Report on Research,"goal,prepare,think.,institution,southern,sense,catch,yet,service.,enter,card,threat,result.,wear,else,serious,official,plan,ability,all.,experts,discuss,ongoing,developments,research.",REAL
R169,New Report on Technology Breakthrough,"gas,window,water,full.,policy,live,nice,positive,customer,interview,senior.,experts,discuss,ongoing,developments,technology,breakthrough.",REAL
R193,New Report on Technology Breakthrough,"child,many,matter,life,manager,audience,interview.,pretty,major,see,film.,bank,try,way,laugh,eye,long.,experts,discuss,ongoing,developments,technology,breakthrough.",REAL
F247,Mind Control Confirmed by Sources,"available,change,season,bag,hundred,list,food.,—,shocking,claims,mind,control,surface,internet.",FAKE
R179,New Report on Technology Breakthrough,"need,program,brother,particularly,development.,chair,sell,boy,experience,usually.,standard,hit,open,financial,body,cultural,after.,set,else,claim,local,defense,look.,experts,discuss,ongoing,developments,technology,breakthrough.",REAL
F138,Immortal Jellyfish Confirmed by Sources,"occur,gas,west,agree,task.,family,maybe,television.,—,shocking,claims,immortal,jellyfish,surface,internet.",FAKE
R017,New Report on Policy,"explain,half,save,behind,wear,water.,buy,simply,east,less,use.,experts,discuss,ongoing,developments,policy.",REAL
F090,Mind Control Confirmed by Sources,"somebody,top,make,four,floor,bank,evening,focus.,eight,research,role,improve,sometimes,stand,even,nice.,—,shocking,claims,mind,control,surface,internet.",FAKE
F222,Mind Control Confirmed by Sources,"almost,break,evening,surface.,change,analysis,accept,anything,reach,let.,—,shocking,claims,mind,control,surface,internet.",FAKE
R114,New Report on Climate Change,"election,especially,president,floor,themselves.,provide,full,culture.,experts,discuss,ongoing,developments,climate,change.",REAL
F235,Celebrity Scandal Confirmed by Sources,"sell,rise,sort,color,whatever,official.,—,shocking,claims,celebrity,scandal,surface,internet.",FAKE
F185,Hoax Confirmed by Sources,"poor,onto,parent,face,talk,senior,adult,mouth.,—,shocking,claims,hoax,surface,internet.",FAKE
F221,Flat Earth Confirmed by Sources,"sing,bank,main,easy.,former,base,computer,check,nature,behavior,hair.,know,bank,future,result,chance,natural,kitchen.,—,shocking,claims,flat,earth,surface,internet.",FAKE
F054,Secret Cure Confirmed by Sources,"window,job,cover,foreign,after.,join,forget,thank.,music,ground,always,surface,like.,—,shocking,claims,secret,cure,surface,internet.",FAKE
R000,New Report on Public Health,"task,much,black,peace,place,crime,agree.,apply,outside,mention,tell.,bed,wife,size,water.,eight,us,black.,experts,discuss,ongoing,developments,public,health.",REAL
R178,New Report on Budget Report,"question,heavy,perform,character,miss,person,white.,test,maybe,instead,course,speech,various.,day,force,particular,what.,like,last,long,also,term.,experts,discuss,ongoing,developments,budget,report.",REAL
F006,Hoax Confirmed by Sources,"carry,peace,explain,think,today,life.,stuff,owner,eye,important.,brother,course,center,camera,us,capital,kid.,—,shocking,claims,hoax,surface,internet.",FAKE
F174,Secret Cure Confirmed by Sources,"send,treatment,quickly,fear,owner.,add,partner,table,spring.,—,shocking,claims,secret,cure,surface,internet.",FAKE
R009,New Report on Election,"bank,couple,create,challenge,identify,civil.,song,foreign,three,determine,growth,magazine.,experts,discuss,ongoing,developments,election.",REAL
R122,New Report on Economic Growth,"similar,future,perhaps,realize,particularly,impact.,positive,scientist,debate,assume,notice,evening,civil,reflect.,attack,book,avoid,marriage.,experts,discuss,ongoing,developments,economic,growth.",REAL
F189,Immortal Jellyfish Confirmed by Sources,"company,offer,position,goal,history,they.,town,test,others.,fund,matter,pay,son,generation,agency.,unit,part,seek,beyond,least.,—,shocking,claims,immortal,jellyfish,surface,internet.",FAKE
R146,New Report on Technology Breakthrough,"sport,offer,agree.,action,body,later,church,piece,public.,wrong,personal,send,nothing,door,assume,read.,religious,poor,public,situation.,experts,discuss,ongoing,developments,technology,breakthrough.",REAL
R022,New Report on Climate Change,"glass,list,gun,however.,leader,society,likely,establish,set,fire.,brother,behavior,money.,experts,discuss,ongoing,developments,climate,change.",REAL
F177,Aliens Confirmed by Sources,"want,bill,avoid,hit.,prevent,everybody,cultural,edge,soldier.,—,shocking,claims,aliens,surface,internet.",FAKE
F021,Secret Cure Confirmed by Sources,"north,shoulder,position,sound,land,industry,kid.,green,eight,stay,pattern,song,structure,large.,pressure,vote,color,space,administration,bill.,—,shocking,claims,secret,cure,surface,internet.",FAKE
R039,New Report on Economic Growth,"learn,type,west.,wrong,might,see,although,book.,experts,discuss,ongoing,developments,economic,growth.",REAL
F061,Miracle Drug Confirmed by Sources,"value,together,somebody,happy,best.,hard,fish,must,even.,purpose,floor,camera,attention.,—,shocking,claims,miracle,drug,surface,internet.",FAKE
R057,New Report on Technology Breakthrough,"stop,worry,color,market,power,late,idea.,player,impact,painting,next,yes,call,opportunity.,experts,discuss,ongoing,developments,technology,breakthrough.",REAL
F154,Immortal Jellyfish Confirmed by Sources,"seven,system,important,necessary,receive,quickly,whom.,child,leader,must.,—,shocking,claims,immortal,jellyfish,surface,internet.",FAKE
F052,Mind Control Confirmed by Sources,"item,story,coach,such.,—,shocking,claims,mind,control,surface,internet.",FAKE
F124,Flat Earth Confirmed by Sources,"try,pull,trial,dark.,project,second,group,even,sing.,issue,common,record,whole,finally.,soon,bill,strong,tax,best,shoulder,relationship,every.,—,shocking,claims,flat,earth,surface,internet.",FAKE
R071,New Report on Budget Report,"fear,decision,wife,activity,attack,actually,best,same.,cell,base,space,among,public.,prepare,north,big,impact,continue.,experts,discuss,ongoing,developments,budget,report.",REAL
R152,New Report on Budget Report,"stock,popular,prove,economy,least,popular,catch.,citizen,cause,heavy,toward,plan.,amount,responsibility,interesting,any.,gun,baby,art,difference.,experts,discuss,ongoing,developments,budget,report.",REAL
F038,Mind Control Confirmed by Sources,"blue,knowledge,word,meeting,another,listen,environment.,natural,reason,may.,else,produce,prove.,—,shocking,claims,mind,control,surface,internet.",FAKE
F101,Immortal Jellyfish Confirmed by Sources,"product,republican,sell.,car,far.,war,middle,defense,name,move,north,minute,technology.,—,shocking,claims,immortal,jellyfish,surface,internet.",FAKE
F203,Celebrity Scandal Confirmed by Sources,"decide,hope,black,leader,phone.,sing,thus,minute,memory,machine,follow,time,girl.,call,glass,nearly,meeting.,—,shocking,claims,celebrity,scandal,surface,internet.",FAKE
F192,Government Cover-Up Confirmed by Sources,"fill,real,scene,pick,century.,class,take,sea,ability,middle,left.,left,performance,college,great,bill,key.,—,shocking,claims,government,cover-up,surface,internet.",FAKE
R189,New Report on Climate Change,"whole,help,build.,police,father,voice,language.,maintain,describe,thus,pick.,experts,discuss,ongoing,developments,climate,change.",REAL
R098,New Report on Election,"thing,investment,serious,give,respond,believe,choose.,near,relationship,hotel,field,hit,media,cultural,apply.,experts,discuss,ongoing,developments,election.",REAL
R149,New Report on Economic Growth,"significant,loss,season,buy,care.,personal,music,measure.,experts,discuss,ongoing,developments,economic,growth.",REAL
R046,New Report on Education,"morning,box,degree,one,experience,picture.,wind,agreement,walk.,experts,discuss,ongoing,developments,education.",REAL
F055,Hoax Confirmed by Sources,"finally,treat,address,pass.,success,certainly,language.,picture,animal,contain,force,very.,—,shocking,claims,hoax,surface,internet.",FAKE
F159,Flat Earth Confirmed by Sources,"side,market,law,system,value,quickly.,school,wear,theory,hour,meet,alone,religious.,—,shocking,claims,flat,earth,surface,internet.",FAKE
F083,Secret Cure Confirmed by Sources,"pattern,sing,study,onto,spend,east,before.,culture,clearly,partner,son,american,test,congress.,save,parent,political.,—,shocking,claims,secret,cure,surface,internet.",FAKE
R109,New Report on Education,"exist,claim.,place,hit,stuff,owner.,experts,discuss,ongoing,developments,education.",REAL
R102,New Report on Climate Change,"material,citizen,actually,parent,paper,break,source,pm.,strong,house,three,national,accept.,toward,guy,realize,training.,experts,discuss,ongoing,developments,climate,change.",REAL
R060,New Report on Election,"list,night,beautiful,still,soon.,rock,always,attorney,as.,far,story,prepare,receive,reflect,production,after.,experts,discuss,ongoing,developments,election.",REAL
F085,Secret Cure Confirmed by Sources,"thousand,republican,game,director,born,happen.,business,sport,partner.,—,shocking,claims,secret,cure,surface,internet.",FAKE
F188,Hoax Confirmed by Sources,"morning,state,level.,ahead,grow,deal,however.,often,take,actually,billion,today,smile.,—,shocking,claims,hoax,surface,internet.",FAKE
F131,Hoax Confirmed by Sources,"special,clearly,team,democratic,leader.,peace,financial,address,serve,newspaper,former.,score,choose,employee,unit,agency,memory,street.,—,shocking,claims,hoax,surface,internet.",FAKE
R202,New Report on Public Health,"understand,theory,shake,financial.,staff,glass,lead,paper.,probably,plan,pretty.,experts,discuss,ongoing,developments,public,health.",REAL
F111,Celebrity Scandal Confirmed by Sources,"either,family,two,war.,site,free,see,remain,defense.,protect,rich,reality,still,certain.,—,shocking,claims,celebrity,scandal,surface,internet.",FAKE
R151,New Report on Policy,"answer,house,ok,activity.,water,recent,increase,establish,entire.,quality,hard,prove,finally,drop.,experts,discuss,ongoing,developments,policy.",REAL
F058,Government Cover-Up Confirmed by Sources,"see,dinner,according,subject.,great,gas,discussion,radio,feel,its.,—,shocking,claims,government,cover-up,surface,internet.",FAKE
R164,New Report on Education,"party,term,agreement,arm,safe,allow.,religious,research.,experts,discuss,ongoing,developments,education.",REAL
F242,Celebrity Scandal Confirmed by Sources,"identify,teach.,soldier,thousand,shoulder,mr,large,machine.,employee,call,feeling,ask,take,something,specific.,—,shocking,claims,celebrity,scandal,surface,internet.",FAKE
F064,Mind Control Confirmed by Sources,"nearly,toward,opportunity,culture,television,put.,skill,thank,student,wonder.,keep,mother,reality,their.,—,shocking,claims,mind,control,surface,internet.",FAKE
R228,New Report on Education,"hard,effort,serious,clearly,different,key.,experts,discuss,ongoing,developments,education.",REAL
R210,New Report on Economic Growth,"political,front,trade,strong,southern,else,foreign.,though,everyone,market,develop,child.,indicate,hard,mind,green,need.,experts,discuss,ongoing,developments,economic,growth.",REAL
R156,New Report on Policy,"century,doctor,charge,high,heart,ten,rate,challenge.,owner,professor,picture,product,decide.,experts,discuss,ongoing,developments,policy.",REAL
R192,New Report on Climate Change,"beat,describe,full,experience,sister,among.,stock,hospital,book,third.,american,put,modern.,experts,discuss,ongoing,developments,climate,change.",REAL
F102,Government Cover-Up Confirmed by Sources,"machine,force,relationship,sell,see,join.,firm,ball,middle,everyone.,consider,performance.,—,shocking,claims,government,cover-up,surface,internet.",FAKE
R237,New Report on Election,"expert,student,popular,month,write,very.,nice,career,certainly,reduce,hotel,surface.,act,rise,industry,window,produce,important,way.,experts,discuss,ongoing,developments,election.",REAL
F015,Immortal Jellyfish Confirmed by Sources,"far,gas,product,statement,per,might,vote.,forward,thank,instead.,—,shocking,claims,immortal,jellyfish,surface,internet.",FAKE
F020,Celebrity Scandal Confirmed by Sources,"visit,also,responsibility,tonight.,guy,certainly,church,better.,stuff,audience,miss,dog.,box,everybody,child.,—,shocking,claims,celebrity,scandal,surface,internet.",FAKE
R083,New Report on Election,"perhaps,little,couple,drug,energy,just.,dream,especially,third,describe.,experts,discuss,ongoing,developments,election.",REAL
F035,Hoax Confirmed by Sources,"back,particular,whether,read,put,relationship,type,book.,everybody,include,wait,international,politics,movie,explain.,—,shocking,claims,hoax,surface,internet.",FAKE
R082,New Report on Budget Report,"deal,manage,democratic,sing.,official,clearly,must,enter,short,we.,experts,discuss,ongoing,developments,budget,report.",REAL
F114,Mind Control Confirmed by Sources,"computer,modern,office,fire.,—,shocking,claims,mind,control,surface,internet.",FAKE
F179,Secret Cure Confirmed by Sources,"mouth,amount,member,since,work.,really,certainly,down.,bed,pressure,indicate,war.,—,shocking,claims,secret,cure,surface,internet.",FAKE
F026,Celebrity Scandal Confirmed by Sources,"since,nature,partner,buy,sure,agency,direction,second.,economic,trip,stay,wall.,company,material,ready,case,eat.,—,shocking,claims,celebrity,scandal,surface,internet.",FAKE
R217,New Report on Election,"let,beyond.,example,eat,think,another,reflect,office,test.,experts,discuss,ongoing,developments,election.",REAL
F009,Celebrity Scandal Confirmed by Sources,"behavior,respond,current,standard,class.,admit,member,condition,traditional,ready,population,stuff.,—,shocking,claims,celebrity,scandal,surface,internet.",FAKE
F240,Aliens Confirmed by Sources,"writer,character,fish.,probably,single,way,however.,—,shocking,claims,aliens,surface,internet.",FAKE
R216,New Report on Research,"speech,city,finish,star.,east,southern,nearly,race,carry.,experts,discuss,ongoing,developments,research.",REAL
F129,Flat Earth Confirmed by Sources,"population,kind,prove,visit,large,man,about.,wonder,thought,four,center,doctor,resource.,—,shocking,claims,flat,earth,surface,internet.",FAKE
R197,New Report on Education,"ten,push,exist,blue,air,catch.,senior,another,side,today,leg,president,heavy.,without,similar,cause.,floor,however,else,million,system,line,rather.,experts,discuss,ongoing,developments,education.",REAL
F142,Government Cover-Up Confirmed by Sources,"admit,military,newspaper,everything,couple,south,morning.,coach,nature,wind.,vote,mother,sound,finally,time,kitchen,glass.,—,shocking,claims,government,cover-up,surface,internet.",FAKE
R140,New Report on Climate Change,"deep,open,simply,already,store.,business,thus,speak,professor,form,night.,experts,discuss,ongoing,developments,climate,change.",REAL
R165,New Report on Budget Report,"also,ask,visit,play.,character,direction,tax,admit,drive.,experts,discuss,ongoing,developments,budget,report.",REAL
R139,New Report on Education,"seek,friend,country,as.,tough,hospital,situation,call,any.,deal,party,participant,first,religious,forward.,experts,discuss,ongoing,developments,education.",REAL
F232,Hoax Confirmed by Sources,"seven,movie,dream,in.,three,break,likely,card,field,sister.,—,shocking,claims,hoax,surface,internet.",FAKE
F108,Celebrity Scandal Confirmed by Sources,"manager,item,begin,summer,remember,series,treatment.,meeting,standard,near,employee,church,important,fill.,leg,inside,buy,kid,color.,—,shocking,claims,celebrity,scandal,surface,internet.",FAKE
F167,Celebrity Scandal Confirmed by Sources,"last,sometimes,image.,nice,page,decide,friend,back,family.,—,shocking,claims,celebrity,scandal,surface,internet.",FAKE
R242,New Report on Research,"wish,school,mr,between.,dog,crime,simple,major,that.,experts,discuss,ongoing,developments,research.",REAL
F133,Immortal Jellyfish Confirmed by Sources,"back,may,quite.,doctor,need,strategy,west.,plant,hit,star,mission,thus.,pick,campaign,eight.,—,shocking,claims,immortal,jellyfish,surface,internet.",FAKE
F025,Flat Earth Confirmed by Sources,"investment,mouth,cost,section,policy,west.,hour,finally,inside,argue,simple,republican,size,various.,information,successful,character,television,hard.,—,shocking,claims,flat,earth,surface,internet.",FAKE
F093,Immortal Jellyfish Confirmed by Sources,"past,painting,bring,station,bit.,father,race,finally,fact,old,different.,value,ok,meet.,—,shocking,claims,immortal,jellyfish,surface,internet.",FAKE
F236,Government Cover-Up Confirmed by Sources,"value,boy,prevent.,participant,name,term,walk,mother,exist.,poor,natural,whatever,matter,weight,once.,—,shocking,claims,government,cover-up,surface,internet.",FAKE
F069,Flat Earth Confirmed by Sources,"painting,success,environment,shake.,bill,kid,executive,try.,television,support,good,direction.,—,shocking,claims,flat,earth,surface,internet.",FAKE
F219,Flat Earth Confirmed by Sources,"public,general,total,become.,fire,easy,college.,—,shocking,claims,flat,earth,surface,internet.",FAKE
R079,New Report on Election,"manager,game,throughout,crime,product.,face,field,doctor,customer.,experts,discuss,ongoing,developments,election.",REAL
F042,Hoax Confirmed by Sources,"keep,president,wall,rich,change.,decision,size,size,gas,goal,discuss.,various,style,student.,—,shocking,claims,hoax,surface,internet.",FAKE
R154,New Report on Budget Report,"possible,feeling,past,design,sure.,national,throw,nature,establish,and.,experts,discuss,ongoing,developments,budget,report.",REAL
R089,New Report on Public Health,"line,often,white,firm,building,place,fine.,certain,position,call,suddenly,join,word.,simply,church,worker,fire.,experts,discuss,ongoing,developments,public,health.",REAL
R038,New Report on Public Health,"century,white,minute,field,reduce,ability,bit.,star,bad,certainly,allow,prove.,especially,meet,leave.,experts,discuss,ongoing,developments,public,health.",REAL
R053,New Report on Economic Growth,"consider,production,economic,level,build,player.,memory,beautiful,ball,factor.,experts,discuss,ongoing,developments,economic,growth.",REAL
F201,Hoax Confirmed by Sources,"voice,administration,back,grow,success.,season,once.,—,shocking,claims,hoax,surface,internet.",FAKE
F013,Secret Cure Confirmed by Sources,"control,management,easy,green,because.,organization,budget,point,two,far,soldier.,—,shocking,claims,secret,cure,surface,internet.",FAKE
R023,New Report on Policy,"situation,glass,mean,goal,share,article.,almost,law,doctor,wall,various,production.,hit,property,particularly,sport,power,be.,experts,discuss,ongoing,developments,policy.",REAL
R068,New Report on Technology Breakthrough,"figure,cause,teach,season,describe,style.,trade,benefit,method,per,including,particularly.,experts,discuss,ongoing,developments,technology,breakthrough.",REAL
F065,Hoax Confirmed by Sources,"board,memory,church,interest,speech.,cost,consider,anyone.,every,research,create,grow,report.,—,shocking,claims,hoax,surface,internet.",FAKE
F239,Celebrity Scandal Confirmed by Sources,"receive,north,time,foreign,family,test.,research,early,cover,open.,—,shocking,claims,celebrity,scandal,surface,internet.",FAKE
F084,Miracle Drug Confirmed by Sources,"travel,serve,environmental,talk,change,will.,pay,sing,opportunity,very.,letter,throw,congress,add,day,thing,gas.,—,shocking,claims,miracle,drug,surface,internet.",FAKE
R120,New Report on Election,"task,boy,sell,season,position,result.,town,seat,computer,line,west.,experts,discuss,ongoing,developments,election.",REAL
F207,Government Cover-Up Confirmed by Sources,"everyone,skill,southern.,deal,go,human,social.,—,shocking,claims,government,cover-up,surface,internet.",FAKE
R158,New Report on Economic Growth,"consumer,military,court,executive,choose,dark,they.,little,manage,brother,memory,allow,energy,radio.,experts,discuss,ongoing,developments,economic,growth.",REAL
R097,New Report on Technology Breakthrough,"finish,government,increase,development,note.,example,window,social,memory,always,expect.,experts,discuss,ongoing,developments,technology,breakthrough.",REAL
R092,New Report on Technology Breakthrough,"bar,paper,let,business.,partner,election,time,yeah,debate,build,drug,whatever.,law,whatever,environment,check,night,edge.,head,tough,wait,alone,attorney,take.,experts,discuss,ongoing,developments,technology,breakthrough.",REAL
F172,Hoax Confirmed by Sources,"loss,measure,serious,center,address,part,trade.,western,return,peace,score.,—,shocking,claims,hoax,surface,internet.",FAKE
R182,New Report on Economic Growth,"tell,relate,site,throw,fish,idea,short.,campaign,investment,force,measure,they.,ok,important,red,main,situation,physical.,experts,discuss,ongoing,developments,economic,growth.",REAL
F014,Secret Cure Confirmed by Sources,"fear,action,hold.,beat,play,present,foot,miss,under.,—,shocking,claims,secret,cure,surface,internet.",FAKE
R230,New Report on Election,"tell,lot,significant.,hear,rock,case,computer.,experts,discuss,ongoing,developments,election.",REAL
F223,Government Cover-Up Confirmed by Sources,"system,despite,possible,far,writer,catch,always.,dog,bank,born.,sort,feel,like,particularly.,—,shocking,claims,government,cover-up,surface,internet.",FAKE
R221,New Report on Policy,"three,social,perform,response,leave,month,in.,middle,sister,pay,good.,experts,discuss,ongoing,developments,policy.",REAL
R173,New Report on Climate Change,"environment,note,apply,within.,cell,federal,support,toward.,experts,discuss,ongoing,developments,climate,change.",REAL
F249,Immortal Jellyfish Confirmed by Sources,"back,receive,throughout.,speech,computer,grow,minute,conference,service.,—,shocking,claims,immortal,jellyfish,surface,internet.",FAKE
F112,Government Cover-Up Confirmed by Sources,"write,believe,around,blue,put.,knowledge,kid,another,conference.,—,shocking,claims,government,cover-up,surface,internet.",FAKE
R058,New Report on Budget Report,"free,drop,southern.,experts,discuss,ongoing,developments,budget,report.",REAL
R159,New Report on Economic Growth,"bring,fall,floor,ago,customer.,experts,discuss,ongoing,developments,economic,growth.",REAL
R029,New Report on Economic Growth,"tv,activity,show.,evening,meet,stock,feel,sometimes,structure.,able,street,blood,improve,might.,experts,discuss,ongoing,developments,economic,growth.",REAL
R126,New Report on Research,"blood,trade,think,strong,three,move.,option,available,position.,foot,laugh,strong,music,care.,experts,discuss,ongoing,developments,research.",REAL
R132,New Report on Education,"factor,result,series,language,community.,office,reason,discuss,item,probably,like,strategy.,strategy,owner,party,road.,experts,discuss,ongoing,developments,education.",REAL
R025,New Report on Election,"bring,together.,claim,professor,respond,process,congress,business,walk,coach.,find,specific,collection,challenge,price,party.,experts,discuss,ongoing,developments,election.",REAL
F214,Secret Cure Confirmed by Sources,"leave,program,dark,he.,term,else,rule,risk,for.,power,general,sell,kitchen,common,become,mean.,—,shocking,claims,secret,cure,surface,internet.",FAKE
R177,New Report on Policy,"car,voice,hope,clear,vote,sport,pretty.,american,use,score.,war,letter,quality,range,detail.,experts,discuss,ongoing,developments,policy.",REAL
R196,New Report on Budget Report,"action,maybe,oil,put,benefit.,choice,might,east,song,get.,management,really,pick,picture.,experts,discuss,ongoing,developments,budget,report.",REAL
R135,New Report on Budget Report,"international,hold,difference,develop,suddenly,per.,toward,central,year,scientist,official.,without,argue,never.,experts,discuss,ongoing,developments,budget,report.",REAL
F152,Government Cover-Up Confirmed by Sources,"case,necessary,around,reason,spring,read,support,threat.,—,shocking,claims,government,cover-up,surface,internet.",FAKE
F180,Secret Cure Confirmed by Sources,"provide,work,people,second,unit.,boy,six,notice.,—,shocking,claims,secret,cure,surface,internet.",FAKE
F003,Secret Cure Confirmed by Sources,"mrs,week,admit,west,whether,big.,book,population.,become,serious,according,age.,—,shocking,claims,secret,cure,surface,internet.",FAKE
F244,Celebrity Scandal Confirmed by Sources,"wide,traditional,seven.,without,party.,wrong,pm,society,across,understand.,—,shocking,claims,celebrity,scandal,surface,internet.",FAKE
F194,Immortal Jellyfish Confirmed by Sources,"education,large,investment,low,movement,last.,five,enough,call,record.,write,effect,list,course.,—,shocking,claims,immortal,jellyfish,surface,internet.",FAKE
R044,New Report on Policy,"leg,want,people,lay,world,east,either.,experts,discuss,ongoing,developments,policy.",REAL
R141,New Report on Economic Growth,"thing,white,manage,worker,bank.,card,law,role,race,resource,project,product.,experts,discuss,ongoing,developments,economic,growth.",REAL
R188,New Report on Climate Change,"piece,brother,medical,police,west.,raise,feeling,today,dinner,suddenly,enter.,experts,discuss,ongoing,developments,climate,change.",REAL
F010,Aliens Confirmed by Sources,"player,affect,next,sing.,short,sit,thought,machine,station,fight.,plant,memory,perhaps.,—,shocking,claims,aliens,surface,internet.",FAKE
R106,New Report on Economic Growth,"executive,story,lead,look,knowledge.,say,authority,full.,experts,discuss,ongoing,developments,economic,growth.",REAL
R049,New Report on Research,"green,politics,beat,guess,story.,similar,student,little,forget,hold,listen.,occur,dinner,room.,star,hair,school,night,subject,across.,experts,discuss,ongoing,developments,research.",REAL
R144,New Report on Budget Report,"amount,represent,national,particularly,need.,red,share,enter,final.,involve,score,establish,news,performance,bar.,experts,discuss,ongoing,developments,budget,report.",REAL
F199,Celebrity Scandal Confirmed by Sources,"history,protect,cut,mouth,address.,assume,determine,eye,seven,discussion,boy.,—,shocking,claims,celebrity,scandal,surface,internet.",FAKE
F215,Secret Cure Confirmed by Sources,"ball,worry,improve,present,style,voice,six.,cut,recent,difficult,trouble,national,fear,ready.,develop,certain,put,nothing.,—,shocking,claims,secret,cure,surface,internet.",FAKE
R176,New Report on Economic Growth,"war,production,home,study,whole,source,yet,foreign.,difference,together,information,region.,address,begin,particularly,news,compare,behavior.,experts,discuss,ongoing,developments,economic,growth.",REAL
F105,Hoax Confirmed by Sources,"big,help,newspaper,fire,finish,station,lead.,opportunity,task,believe,several,military,cover.,—,shocking,claims,hoax,surface,internet.",FAKE
F031,Miracle Drug Confirmed by Sources,"structure,plan,bank,good.,edge,story,consider,democratic.,test,policy,candidate,involve,dinner,site.,—,shocking,claims,miracle,drug,surface,internet.",FAKE
R206,New Report on Research,"fall,smile,ground.,add,region,write.,experts,discuss,ongoing,developments,research.",REAL
F238,Secret Cure Confirmed by Sources,"seem,bar,glass,painting,smile,bit,across.,outside,air,democratic,hotel,early,born.,—,shocking,claims,secret,cure,surface,internet.",FAKE
R027,New Report on Climate Change,"right,successful,read.,experts,discuss,ongoing,developments,climate,change.",REAL
F169,Government Cover-Up Confirmed by Sources,"professional,economic,through.,step,task,education,budget,eye,situation.,—,shocking,claims,government,cover-up,surface,internet.",FAKE
F208,Aliens Confirmed by Sources,"answer,beautiful,green.,bed,direction,social,amount,pass,most.,—,shocking,claims,aliens,surface,internet.",FAKE
F212,Miracle Drug Confirmed by Sources,"yeah,someone,future,development,course,industry,style.,pm,international,nearly,three.,tonight,talk,sister,arm,ahead.,—,shocking,claims,miracle,drug,surface,internet.",FAKE
F032,Hoax Confirmed by Sources,"recognize,agreement,large.,kid,kind,collection,manage.,—,shocking,claims,hoax,surface,internet.",FAKE
F109,Hoax Confirmed by Sources,"identify,church,best.,huge,early,significant.,—,shocking,claims,hoax,surface,internet.",FAKE
R111,New Report on Policy,"use,wait,approach.,experts,discuss,ongoing,developments,policy.",REAL
F078,Aliens Confirmed by Sources,"task,try,tough,though,service,shoulder.,—,shocking,claims,aliens,surface,internet.",FAKE
R105,New Report on Budget Report,"perhaps,anyone.,force,law,ok,left,alone,a.,experts,discuss,ongoing,developments,budget,report.",REAL
F196,Government Cover-Up Confirmed by Sources,"significant,nature,language,east.,especially,style,someone,view,beat,sort,claim.,strong,always,risk.,—,shocking,claims,government,cover-up,surface,internet.",FAKE
F118,Immortal Jellyfish Confirmed by Sources,"water,media,model,edge,century,seven.,strategy,offer,tell,determine.,—,shocking,claims,immortal,jellyfish,surface,internet.",FAKE
F077,Secret Cure Confirmed by Sources,"bank,social.,sell,another,alone,paper,president,senior.,style,month,none,form,doctor,unit.,—,shocking,claims,secret,cure,surface,internet.",FAKE
F070,Government Cover-Up Confirmed by Sources,"lot,board,go,point,process.,scene,area,push,bar.,indicate,take,friend,defense,ability.,—,shocking,claims,government,cover-up,surface,internet.",FAKE
F041,Immortal Jellyfish Confirmed by Sources,"local,structure,performance,full,sure,window,space.,space,goal,network,reduce,hospital.,begin,traditional,laugh,in.,—,shocking,claims,immortal,jellyfish,surface,internet.",FAKE
R026,New Report on Policy,"eye,total,light,behavior,bar.,probably,main,system,it.,knowledge,financial,authority,heart.,know,gas,miss,federal,out.,experts,discuss,ongoing,developments,policy.",REAL
R207,New Report on Policy,"soldier,think,get,full,others.,officer,yet,less,north,kid,likely.,experts,discuss,ongoing,developments,policy.",REAL
F163,Secret Cure Confirmed by Sources,"serious,question,best,leader,able,away,second.,—,shocking,claims,secret,cure,surface,internet.",FAKE
F171,Government Cover-Up Confirmed by Sources,"site,story,leave.,thank,sense,argue,artist,campaign.,—,shocking,claims,government,cover-up,surface,internet.",FAKE
F139,Immortal Jellyfish Confirmed by Sources,"hold,politics,yard,though,order,wide.,beautiful,song,player,fine,visit,whom.,culture,large,indicate,step.,make,state,determine,region.,—,shocking,claims,immortal,jellyfish,surface,internet.",FAKE
F120,Miracle Drug Confirmed by Sources,"decade,manage,million,bring,party,box,wish.,garden,support,rich,federal,able.,middle,option,senior,three,order.,—,shocking,claims,miracle,drug,surface,internet.",FAKE
F146,Mind Control Confirmed by Sources,"save,human,old,somebody.,popular,building,remain,fill,republican,agreement.,much,task,smile,reach,agree,management.,—,shocking,claims,mind,control,surface,internet.",FAKE
R115,New Report on Research,"today,believe,old.,stand,ready,report,six.,experts,discuss,ongoing,developments,research.",REAL
F039,Aliens Confirmed by Sources,"year,perhaps,indeed,present,eat.,couple,ready,administration.,cause,hotel.,—,shocking,claims,aliens,surface,internet.",FAKE
F225,Hoax Confirmed by Sources,"bill,little,certainly,crime,me.,song,street,agency,artist,teacher,store.,indicate,thing,politics,policy,various,throw.,—,shocking,claims,hoax,surface,internet.",FAKE
F140,Aliens Confirmed by Sources,"full,rather,scene,church,management,produce.,protect,forward,machine,girl,nice,one,foot.,—,shocking,claims,aliens,surface,internet.",FAKE
F122,Mind Control Confirmed by Sources,"represent,short,whatever,anyone,firm,enter.,spend,born,become,attention.,vote,indicate,worker,sport,indicate,establish.,—,shocking,claims,mind,control,surface,internet.",FAKE
R070,New Report on Budget Report,"performance,sign,international,majority,campaign,wife,mean.,experts,discuss,ongoing,developments,budget,report.",REAL
F248,Celebrity Scandal Confirmed by Sources,"land,generation,smile,economic,laugh,significant,rest.,water,whose,authority,available,environmental,tv.,—,shocking,claims,celebrity,scandal,surface,internet.",FAKE
R016,New Report on Technology Breakthrough,"bit,focus,box,phone,society,major.,dream,general,music,mr,strong,past.,experts,discuss,ongoing,developments,technology,breakthrough.",REAL
R148,New Report on Technology Breakthrough,"admit,moment,serious,option,car.,throughout,mission,someone,green,interest,account,break,american.,detail,force,physical,wrong,theory,store.,experts,discuss,ongoing,developments,technology,breakthrough.",REAL
R142,New Report on Budget Report,"guy,never,claim,future,lot,administration.,experts,discuss,ongoing,developments,budget,report.",REAL
F141,Miracle Drug Confirmed by Sources,"administration,throughout,pressure,plant.,mouth,wind,author,prove,across,benefit,able,little.,—,shocking,claims,miracle,drug,surface,internet.",FAKE
R076,New Report on Technology Breakthrough,"mean,realize,ago,source,our.,floor,play.,experts,discuss,ongoing,developments,technology,breakthrough.",REAL
R180,New Report on Budget Report,"coach,center,general.,much,economy,group,well,continue,red.,hour,today,allow,build,employee.,experts,discuss,ongoing,developments,budget,report.",REAL
F126,Aliens Confirmed by Sources,"feeling,game,training,result.,already,war,explain,school,experience.,view,type,government,hospital.,doctor,condition,second,system,meeting.,—,shocking,claims,aliens,surface,internet.",FAKE
R134,New Report on Economic Growth,"computer,arrive,stuff,present,machine,would.,get,item,visit,floor,last.,experts,discuss,ongoing,developments,economic,growth.",REAL
F132,Mind Control Confirmed by Sources,"think,professor,act,fill.,result,free,recognize,chair.,—,shocking,claims,mind,control,surface,internet.",FAKE
F230,Immortal Jellyfish Confirmed by Sources,"receive,environment,result.,military,factor,human,dream,purpose,agent,movie.,—,shocking,claims,immortal,jellyfish,surface,internet.",FAKE
F243,Aliens Confirmed by Sources,"late,move,letter,put.,race,challenge,wife,member,bar,buy.,draw,senior,state,sort,my.,—,shocking,claims,aliens,surface,internet.",FAKE
R191,New Report on Budget Report,"crime,produce,election,necessary,outside.,environment,degree,season,education,billion,look.,prepare,create,edge,throw,imagine,or.,experts,discuss,ongoing,developments,budget,report.",REAL
R130,New Report on Public Health,"concern,series,wait,west,name.,economy,professor,rule,start.,experts,discuss,ongoing,developments,public,health.",REAL
F081,Mind Control Confirmed by Sources,"city,development,dinner,heart,security,upon,class.,parent,clear,computer,difference,range,then.,—,shocking,claims,mind,control,surface,internet.",FAKE
R209,New Report on Technology Breakthrough,"push,artist,first,still,stage,stage.,though,produce,professor,less.,wall,treatment,measure,include,help,method,take,leg.,decade,strategy,reason,set.,experts,discuss,ongoing,developments,technology,breakthrough.",REAL
F228,Hoax Confirmed by Sources,"major,live,form,policy,catch.,student,game,sell,case.,—,shocking,claims,hoax,surface,internet.",FAKE
R030,New Report on Budget Report,"baby,draw,social,wife,me.,source,also,deep,attorney,big.,decide,stage,either,home,play,or.,behavior,store,rich,miss,entire,among.,experts,discuss,ongoing,developments,budget,report.",REAL
R214,New Report on Education,"result,anyone,gas,offer,none,require.,actually,deep,set.,experts,discuss,ongoing,developments,education.",REAL
R175,New Report on Economic Growth,"best,whose,hundred,movie.,join,forget,tough,issue,reveal,tonight,here.,experts,discuss,ongoing,developments,economic,growth.",REAL
